Time,Bx_calibrated,By_calibrated,Bz_calibrated,Babs_calibrated
0.033627723,14.040909425064,1.57481057407409,-11.5732327610775,18.2638134673223
0.043627723,13.778409616064,1.40606076407409,-12.7544804710775,18.8281265798647
0.053627723,14.134659425064,1.42481095407409,-12.9232350510775,19.2049131084417
0.063627723,13.947159425064,1.42481095407409,-12.8857365710775,19.0419418458886
0.073627723,14.078409806064,1.21856076407409,-12.7732335210775,19.0484122064595
0.083627723,14.153409616064,1.10606057407409,-12.7357350510775,19.0720035928283
0.093627723,14.209659234064,0.937310764074086,-12.6982327610775,19.0797820289219
0.103627723,14.134659425064,0.899810384074087,-12.8857365710775,19.1478579159404
0.113627723,14.040909425064,0.731060574074085,-12.9982320010775,19.1477315157606
0.123627723,14.190909997064,0.656060764074086,-12.8482304710775,19.1543563846152
0.133627723,13.909659997064,0.524810384074087,-12.7919865710775,18.9047345288893
0.143627723,14.059659616064,0.449810574074085,-12.8482304710775,19.051335499383
0.153627723,13.947159425064,0.356060574074085,-12.9232350510775,19.0173615243008
0.163627723,13.890909806064,0.187310764074086,-13.0169850510775,19.0377089058142
0.173627723,14.003409997064,0.393560954074086,-13.0544835210775,19.1486271511178
0.183627723,14.322159425064,0.468560764074086,-12.7169820010775,19.1589517198177
0.193627723,14.547159806064,0.337310384074087,-12.4732342810775,19.1654692128581
0.203627723,14.603409425064,0.337310384074087,-12.4544812310775,19.1960268771043
0.213627723,14.922159806064,0.356060574074085,-12.4357320010775,19.4279454089397
0.223627723,14.847159997064,0.337310384074087,-12.5107327610775,19.4182999382726
0.233627723,14.903409616064,0.431060384074087,-12.4169827610775,19.4030639881386
0.243627723,14.959659234064,0.506060194074086,-12.4169827610775,19.4481094764565
0.253627723,14.828409806064,0.187310764074086,-12.2669812310775,19.2456657775853
0.263627723,14.622159616064,0.0373101940740863,-12.3232327610775,19.1225262340499
0.273627723,14.303409234064,0.0748105740740854,-12.3982335210775,18.9290598494027
0.283627723,14.059659616064,0.0185609540740863,-12.4919835210775,18.8075523479124
0.293627723,13.797159806064,-0.0939392359259141,-12.5669842810775,18.6627848193929
0.303627723,13.572159425064,-0.131439615925913,-12.3982335210775,18.3830623747828
0.313627723,13.328409806064,-0.393939425925915,-12.4544812310775,18.2459803508867
0.323627723,13.478409425064,-0.375189235925914,-12.3232327610775,18.2666459229958
0.333627723,13.459659234064,-0.318939615925913,-12.3419820010775,18.2644098971374
0.343627723,13.647159234064,-0.112689425925915,-12.3982335210775,18.4383797691061
0.353627723,13.797159806064,-0.318939615925913,-12.6419812310775,18.7158497172741
0.363627723,13.928409234064,-0.487689425925915,-12.4544812310775,18.6909744931338
0.373627723,14.190909997064,-0.262689045925914,-12.3607312310775,18.8212276073202
0.383627723,14.509659425064,-0.243939805925914,-12.4169827610775,19.0989838512199
0.393627723,14.603409425064,-0.187689235925914,-12.6982327610775,19.3530335952747
0.403627723,14.434659616064,-0.0939392359259141,-12.7357350510775,19.2501213009923
0.413627723,14.397159234064,-0.131439615925913,-12.6607342810775,19.1726279607069
0.423627723,14.059659616064,-0.262689045925914,-12.5294820010775,18.8343025692419
0.433627723,14.172159806064,-0.0564398059259137,-12.4732342810775,18.8794828438428
0.443627723,14.003409997064,0.224810194074086,-12.4544812310775,18.7419351696801
0.453627723,13.947159425064,-0.150189805925914,-12.2857342810775,18.5872289443907
0.463627723,13.984659806064,-0.412689615925913,-12.2482320010775,18.5946285190819
0.473627723,14.078409806064,-0.262689045925914,-12.1544820010775,18.6011306354437
0.483627723,13.965909616064,-0.262689045925914,-12.0607320010775,18.4547255016359
0.493627723,13.984659806064,-0.412689615925913,-12.3982335210775,18.6937748208756
0.503627723,14.228409425064,-0.487689425925915,-12.5294820010775,18.9650572094769
0.513627723,14.115909234064,-0.525189805925914,-12.5294820010775,18.8818070388378
0.523627723,14.547159806064,-0.581439425925915,-12.6232320010775,19.2692479454236
0.533627723,14.528409616064,-0.187689235925914,-12.7357350510775,19.3212023568065
0.543627723,14.340909616064,0.0185609540740863,-12.5482312310775,19.0557114837972
0.553627723,14.284659997064,-0.0189394259259146,-12.3982335210775,18.9147578461037
0.563627723,14.340909616064,-0.0939392359259141,-12.5482312310775,19.0559339898298
0.573627723,14.359659806064,-0.0751890459259137,-12.3794842810775,18.9593542665345
0.583627723,14.115909234064,0.0373101940740863,-12.2857342810775,18.7136194355917
0.593627723,14.322159425064,-0.0939392359259141,-12.2857342810775,18.8698792259579
0.603627723,13.984659806064,-0.281439235925914,-12.3044835210775,18.6292842765182
0.613627723,13.872159616064,-0.431439805925914,-12.4732342810775,18.6602391772008
0.623627723,14.228409425064,-0.450189045925914,-12.3982335210775,18.8776719800798
0.633627723,14.397159234064,-0.356439045925914,-12.4732342810775,19.0522128960155
0.643627723,14.528409616064,-0.281439235925914,-12.2857342810775,19.0287456454938
0.653627723,14.547159806064,-0.000189235925914133,-12.1732312310775,18.9685902761447
0.663627723,14.790909425064,-0.0189394259259146,-12.3044835210775,19.2398460244038
0.673627723,14.659659997064,0.262310574074085,-12.3232327610775,19.1529763679299
0.683627723,14.865909234064,0.449810574074085,-12.2857342810775,19.2908489635169
0.693627723,14.865909234064,0.262310574074085,-12.0607320010775,19.1448510204314
0.703627723,14.734659806064,0.206060954074086,-12.2294827610775,19.1497495889821
0.713627723,14.715909616064,0.149810384074087,-12.0982342810775,19.0511866218138
0.723627723,14.772159234064,0.0373101940740863,-11.9482327610775,18.9994301651394
0.733627723,14.865909234064,0.0935607640740859,-12.1357327610775,19.1906232473125
0.743627723,14.547159806064,-0.0376896159259132,-12.1544820010775,18.9566007407665
0.753627723,14.603409425064,-0.243939805925914,-12.0607320010775,18.9414975613539
0.763627723,14.378409997064,-0.450189045925914,-12.0607320010775,18.7723893157625
0.773627723,14.528409616064,-0.150189805925914,-12.1357327610775,18.9307488652254
0.783627723,14.472159997064,-0.281439235925914,-12.2107335210775,18.9373872576684
0.793627723,14.397159234064,-0.300189425925915,-12.1544820010775,18.844090331373
0.803627723,14.340909616064,-0.187689235925914,-12.2857342810775,18.884813546621
0.813627723,14.134659425064,-0.337689805925914,-12.2482320010775,18.706197331895
0.823627723,14.397159234064,-0.0939392359259141,-12.3794842810775,18.9878553200851
0.833627723,14.472159997064,0.0185609540740863,-12.4544812310775,19.0933983938139
0.843627723,14.678409234064,0.112310954074086,-12.3044835210775,19.1538149232346
0.853627723,14.603409425064,-0.150189805925914,-12.3044835210775,19.0966604026546
0.863627723,14.640909806064,0.356060574074085,-12.2107335210775,19.0679058159116
0.873627723,14.734659806064,0.412310194074086,-12.2294827610775,19.1530793320569
0.883627723,14.959659234064,0.299810954074086,-12.2482320010775,19.3365063586915
0.893627723,15.090909616064,0.356060574074085,-11.9482327610775,19.2515609311429
0.903627723,15.128409520064,0.0185609540740863,-11.8357335210775,19.2081677183883
0.913627723,14.903409616064,-0.0939392359259141,-11.8919812310775,19.0667160351365
0.923627723,14.734659806064,-0.0939392359259141,-12.0044842810775,19.0059639859471
0.933627723,14.790909425064,0.0185609540740863,-11.8357335210775,18.9434931866174
0.943627723,14.753409997064,-0.412689615925913,-12.0419827610775,19.0484321685184
0.953627723,14.790909425064,-0.543939045925914,-11.9107342810775,18.9982226121436
0.963627723,14.565909997064,-0.637689045925914,-12.0982342810775,18.9457027866928
0.973627723,14.434659616064,-0.543939045925914,-12.3044835210775,18.9751306355919
0.983627723,14.453409806064,-0.243939805925914,-12.3044835210775,18.9831735063294
0.993627723,14.547159806064,-0.000189235925914133,-12.3232327610775,19.0652019171753
1.003627723,14.734659806064,-0.0751890459259137,-12.4357320010775,19.2811639533428
1.013627723,14.940909997064,-0.0751890459259137,-12.5107327610775,19.4873004583008
1.023627723,14.978409425064,0.0373101940740863,-12.5107327610775,19.5159569371969
1.033627723,14.978409425064,0.337310384074087,-12.8294850510775,19.724660044621
1.043627723,15.090909616064,0.524810384074087,-12.5294820010775,19.6213887937314
1.053627723,15.259659902064,0.543560574074085,-12.6044827610775,19.7996379789795
1.063627723,15.390909806064,0.337310384074087,-12.3794842810775,19.7546327229601
1.073627723,15.484659806064,0.206060954074086,-12.2482320010775,19.7442735388908
1.083627723,15.447159902064,0.206060954074086,-12.1169835210775,19.6336063882006
1.093627723,15.259659902064,0.262310574074085,-12.1544820010775,19.5104448918636
1.103627723,15.184659616064,0.299810954074086,-11.9107342810775,19.3010198015115
1.113627723,15.053409234064,0.299810954074086,-11.8357335210775,19.1514909121546
1.123627723,14.922159806064,0.243560384074087,-12.0794812310775,19.200105253627
1.133627723,14.884659425064,0.187310764074086,-11.9482327610775,19.0879133913419
1.143627723,14.753409997064,0.206060954074086,-12.1357327610775,19.1044910245353
1.153627723,14.659659997064,0.281060764074086,-12.2107335210775,19.0810544652381
1.163627723,14.678409234064,0.393560954074086,-12.3232327610775,19.1695762486008
1.173627723,14.678409234064,0.262310574074085,-12.4732342810775,19.2641137328083
1.183627723,14.865909234064,0.262310574074085,-12.5669842810775,19.4677466110885
1.193627723,15.109659806064,0.149810384074087,-12.6607342810775,19.7134080042547
1.203627723,15.090909616064,0.262310574074085,-12.5669842810775,19.6400981107104
1.213627723,15.128409520064,0.0560603840740868,-12.7169820010775,19.7634396952846
1.223627723,15.222159520064,0.318560194074086,-12.5857335210775,19.7538935229259
1.233627723,15.240909711064,0.149810384074087,-12.6419812310775,19.8022084985209
1.243627723,15.465909616064,0.168560574074085,-12.4357320010775,19.8461634408773
1.253627723,15.484659806064,0.506060194074086,-12.4544812310775,19.8782516576489
1.263627723,15.297159806064,0.599810194074086,-12.5107327610775,19.7707183637892
1.273627723,15.128409520064,0.543560574074085,-12.3044835210775,19.5080636513447
1.283627723,15.428409711064,0.562310764074086,-12.3419820010775,19.7655391862394
1.293627723,15.447159902064,0.749810764074086,-12.3794842810775,19.8098106070527
1.303627723,15.278409616064,0.412310194074086,-12.3419820010775,19.6449565997814
1.313627723,15.390909806064,0.618560384074087,-12.0794812310775,19.5748968942136
1.323627723,15.353409902064,0.731060574074085,-12.0794812310775,19.5493097575263
1.333627723,15.559659616064,0.543560574074085,-11.8919812310775,19.591265478926
1.343627723,15.597159520064,0.431060384074087,-11.8169842810775,19.5728974770797
1.353627723,15.728409902064,0.281060764074086,-11.6107312310775,19.5517506357043
1.363627723,15.522159711064,0.206060954074086,-11.6294842810775,19.3965153534443
1.373627723,15.522159711064,0.131060194074086,-11.7607327610775,19.4748415641239
1.383627723,15.484659806064,0.281060764074086,-11.9857312310775,19.5834480520224
1.393627723,15.484659806064,0.393560954074086,-12.2294827610775,19.7354966529245
1.403627723,15.147159711064,0.299810954074086,-12.4732342810775,19.624166411629
1.413627723,14.734659806064,0.168560574074085,-12.3794842810775,19.2455252807767
1.423627723,14.753409997064,0.337310384074087,-12.4544812310775,19.3103854848093
1.433627723,14.622159616064,0.337310384074087,-12.7919865710775,19.4308067400065
1.443627723,14.490909234064,0.262310574074085,-12.8669835210775,19.3807771309313
1.453627723,14.490909234064,0.374810764074086,-12.7357350510775,19.2957477395925
1.463627723,14.472159997064,0.337310384074087,-12.6044827610775,19.1945351324308
1.473627723,14.359659806064,0.187310764074086,-12.5857335210775,19.0954340964483
1.483627723,15.315909520064,1.23731095407409,-13.2232304710775,20.2721939344287
1.493627723,20.247159854064,29.9623122940741,-14.9857350510775,39.1440914466632
1.503627723,22.965909988164,88.1810661040741,-17.4419804710775,92.7769158982394
1.513627723,24.503409997064,160.968572204074,-20.8919850510775,164.15776977736
1.523627723,25.665910140064,238.874822204074,-24.7169820010775,241.517802295374
1.533627723,26.434660092064,318.806066104074,-28.7482320010775,321.189289799841
1.543627723,27.278410092064,399.562322204074,-32.9294835210775,401.843889921482
1.553627723,27.990910188064,480.299840504074,-36.9232350510775,482.529536016224
1.563627723,27.728410378064,559.968572204074,-39.8482304710775,562.068988710496
1.573627723,23.528410003064,612.037358804074,-42.0982304710775,613.934504371545
1.583627723,21.203409925064,634.537358804074,-43.5044804710775,636.380298352769
1.593627723,19.890909806064,642.487310004074,-43.8794804710775,644.291083762297
1.603627723,19.197159902064,645.449834404074,-43.8607350510775,647.223132899136
1.613627723,18.634659902064,646.106084404074,-43.5419865710775,647.839661836311
1.623627723,17.940909997064,646.049810004074,-43.1294804710775,647.736354810758
1.633627723,17.490909711064,645.918584404074,-42.8107320010775,647.572010185394
1.643627723,17.172159806064,646.012334404074,-42.7732335210775,647.654513440966
1.653627723,16.853409902064,645.862310004074,-42.5294820010775,647.480438120261
1.663627723,16.590909616064,645.787358804074,-42.3419820010775,647.386603593873
1.673627723,16.759659902064,645.899846604074,-41.9482365710775,647.477530571233
1.683627723,16.572159902064,645.637334404074,-41.7232304710775,647.196285543389
1.693627723,16.422159806064,645.656072204074,-41.3857365710775,647.189485466366
1.703627723,16.290909902064,645.449834404074,-41.1794835210775,646.96725754921
1.713627723,16.122159616064,645.581060004074,-41.0857335210775,647.087989817177
1.723627723,15.672159806064,645.374822204074,-40.9919835210775,646.865225870829
1.733627723,15.484659806064,645.356084404074,-40.9919835210775,646.842015549129
1.743627723,15.278409616064,645.262334404074,-40.9544850510775,646.741200053615
1.753627723,15.015909806064,645.243596604074,-40.9732304710775,646.717544312122
1.763627723,14.603409425064,645.281072204074,-41.0294820010775,646.749054970281
1.773627723,14.490909234064,645.262334404074,-41.1232320010775,646.733783609021
1.783627723,14.490909234064,645.318608804074,-41.1607304710775,646.792315238955
1.793627723,14.528409616064,645.112310004074,-41.1607304710775,646.587328160456
1.803627723,14.415909425064,645.056096604074,-41.1607304710775,646.528724762906
1.813627723,14.209659234064,645.037358804074,-41.0482350510775,646.498311110936
1.823627723,14.190909997064,645.056096604074,-40.8419820010775,646.503532230417
1.833627723,13.947159425064,644.962346604074,-40.5607320010775,646.386977571118
1.843627723,14.040909425064,645.074834404074,-40.5044804710775,646.497720071122
1.853627723,14.059659616064,645.149846604074,-40.5419865710775,646.575325292351
1.863627723,14.097159997064,645.468572204074,-40.3919850510775,646.884781146933
1.873627723,13.984659806064,645.562322204074,-40.2794820010775,646.968870371429
1.883627723,14.153409616064,645.468572204074,-39.8482304710775,646.852284666756
1.893627723,14.059659616064,645.431096604074,-39.8482304710775,646.812844618699
1.903627723,14.115909234064,645.356084404074,-39.7919865710775,646.73575497736
1.913627723,14.303409234064,645.431096604074,-39.8669835210775,646.819344449688
1.923627723,14.340909616064,645.131108804074,-39.5294820010775,646.500107643196
1.933627723,14.209659234064,644.774846604074,-39.5107365710775,646.140554007597
1.943627723,13.928409234064,644.549810004074,-39.5294820010775,645.911014078064
1.953627723,14.003409997064,644.418584404074,-39.2857304710775,645.766812429644
1.963627723,13.928409234064,644.399846604074,-39.4732304710775,645.757925859969
1.973627723,14.097159997064,644.493596604074,-39.2482320010775,645.841427673116
1.983627723,13.872159616064,644.249822204074,-39.2482320010775,645.593288330668
1.993627723,13.759659425064,644.062322204074,-39.1544820010775,645.39807605165
2.003627723,13.497159616064,644.212346604074,-39.5294820010775,645.565101892987
2.013627723,13.590909616064,644.324834404074,-39.4169865710775,645.672443181815
2.023627723,13.609659806064,644.099858804074,-39.3419820010775,645.443756263269
2.033627723,13.459659234064,643.912358804074,-39.4544850510775,645.260369647764
2.043627723,13.422159806064,643.949834404074,-39.4169865710775,645.294694254678
2.053627723,13.159659997064,643.743596604074,-39.5107365710775,645.089213306482
2.063627723,13.103409425064,643.949834404074,-39.4544850510775,645.290434578292
2.073627723,12.859659807064,643.893560004074,-39.6232320010775,645.239713578825
2.083627723,12.878409997064,643.893560004074,-39.3794804710775,645.225164993543
2.093627723,12.653409617064,644.118596604074,-39.5669804710775,645.456753942305
2.103627723,12.690909997064,644.343572204074,-39.6982365710775,645.690055850416
2.113627723,12.615909237064,644.512334404074,-39.5857335210775,645.850091478873
2.123627723,12.559659617064,644.549810004074,-39.5857335210775,645.886393202695
2.133627723,12.765909807064,644.699834404074,-39.6794835210775,646.04590111411
2.143627723,12.765909807064,644.549810004074,-39.6982365710775,645.897341700942
2.153627723,12.784659997064,644.868596604074,-39.6607304710775,646.213531240911
2.163627723,12.990909237064,644.924810004074,-39.5857335210775,646.269142525
2.173627723,13.028409617064,644.793584404074,-38.9482365710775,646.100202041294
2.183627723,12.990909237064,644.606084404074,-38.6107350510775,645.892062681329
2.193627723,13.215909616064,644.643560004074,-38.5919820010775,645.932907349113
2.203627723,13.122159616064,644.587346604074,-38.7794820010775,645.886125179464
2.213627723,12.915909427064,644.662358804074,-38.5919820010775,645.945600379732
2.223627723,12.878409997064,644.849858804074,-38.4982320010775,646.126386793556
2.233627723,13.084659237064,644.643560004074,-38.2544804710775,645.910158642971
2.243627723,13.140909806064,644.793584404074,-38.0669804710775,646.049955499859
2.253627723,13.253409997064,644.756108804074,-38.3294850510775,646.030372460152
2.263627723,12.990909237064,644.643560004074,-38.5544835210775,645.926103650494
2.273627723,12.503409997064,644.399846604074,-38.7044850510775,645.682224262042
2.283627723,12.597159997064,644.493596604074,-38.5544835210775,645.768637131925
2.293627723,12.672159807064,644.287358804074,-38.5919820010775,645.566515104119
2.303627723,12.578409807064,644.249822204074,-38.5919820010775,645.527219316139
2.313627723,12.297159807064,644.118596604074,-38.7794820010775,645.402072242408
2.323627723,11.959659237064,643.743596604074,-38.8919850510775,645.028245985421
2.333627723,11.772159237064,643.743596604074,-39.1169835210775,645.038402191404
2.343627723,11.922159807064,643.818608804074,-38.9857350510775,645.108073484088
2.353627723,11.903409617064,643.912358804074,-39.3044835210775,645.220628472151
2.363627723,11.865909237064,643.968572204074,-39.2294865710775,645.271473416582
2.373627723,11.809659617064,644.043584404074,-39.1357365710775,645.339610243536
2.383627723,11.865909237064,643.968572204074,-39.1544820010775,645.266917832728
2.393627723,11.997159617064,644.231084404074,-39.0607320010775,645.525648395001
2.403627723,12.203409807064,644.156072204074,-38.8919850510775,645.444463195334
2.413627723,12.297159807064,644.118596604074,-38.6857320010775,645.396445985707
2.423627723,12.240909237064,644.343572204074,-38.7419835210775,645.623280394073
2.433627723,12.465909617064,644.456060004074,-38.2732335210775,645.711895958805
2.443627723,12.447159427064,644.512334404074,-38.3107320010775,645.769922776874
2.453627723,12.334659237064,644.456060004074,-38.4044820010775,645.717168218594
2.463627723,12.372159617064,644.587346604074,-38.3482304710775,645.845573272693
2.473627723,12.334659237064,644.549810004074,-38.4419804710775,645.812966157634
2.483627723,12.072159427064,644.812322204074,-38.5357304710775,646.075591879451
2.493627723,11.997159617064,644.981084404074,-38.6482335210775,646.249345866
2.503627723,12.109659807064,644.699834404074,-38.5732365710775,645.966264537748
2.513627723,12.090909617064,644.531072204074,-38.5919820010775,645.798601892783
2.523627723,11.884659427064,644.268560004074,-38.4044820010775,645.521592804758
2.533627723,11.734659807064,644.249822204074,-38.3294850510775,645.495689431811
2.543627723,11.697159427064,644.062322204074,-38.4982320010775,645.317915673178
2.553627723,11.640909807064,643.931096604074,-38.4044820010775,645.180340829316
2.563627723,11.828409807064,643.762334404074,-38.3294850510775,645.010855645258
2.573627723,11.678409237064,643.481084404074,-38.0669804710775,644.711862951456
2.583627723,11.603409427064,643.537358804074,-38.0294820010775,644.764463031366
2.593627723,11.547159807064,643.724858804074,-38.0669804710775,644.952808928002
2.603627723,11.622159617064,643.631108804074,-38.0857335210775,644.861692080065
2.613627723,11.884659427064,643.612310004074,-38.0669804710775,644.846606349652
2.623627723,11.697159427064,643.743596604074,-38.0669804710775,644.974213988122
2.633627723,11.697159427064,643.781072204074,-38.1794835210775,645.0182675156
2.643627723,11.828409807064,643.856084404074,-38.0107365710775,645.085563935038
2.653627723,11.809659617064,644.081060004074,-38.2357350510775,645.323059677197
2.663627723,11.640909807064,644.006108804074,-38.5357304710775,645.263032786662
2.673627723,11.697159427064,643.743596604074,-38.4419804710775,644.996455470842
2.683627723,11.940909997064,643.912358804074,-38.5544835210775,645.17606848965
2.693627723,12.109659807064,643.837346604074,-38.3107320010775,645.089827023552
2.703627723,12.372159617064,643.912358804074,-38.1607304710775,645.160784226927
2.713627723,12.372159617064,643.687322204074,-37.9732304710775,644.925116065618
2.723627723,12.222159997064,643.649846604074,-37.9357320010775,644.882645130802
2.733627723,12.259659427064,643.687322204074,-37.8607350510775,644.916353703429
2.743627723,12.447159427064,643.781072204074,-37.7294865710775,645.005825448846
2.753627723,12.409659997064,643.931096604074,-37.7294865710775,645.154842647783
2.763627723,12.147159237064,643.874822204074,-37.7857304710775,645.096970674248
2.773627723,12.053409237064,644.099858804074,-37.8982335210775,645.326420418134
2.783627723,11.772159237064,643.874822204074,-37.8232365710775,645.092216373863
2.793627723,11.565909997064,644.099858804074,-37.9919835210775,645.323011520087
2.803627723,11.472159997064,644.249822204074,-38.2169820010775,645.484300024602
2.813627723,11.565909997064,644.137334404074,-38.3482304710775,645.381486120813
2.823627723,11.434659617064,644.193608804074,-38.3107320010775,645.433086579107
2.833627723,11.453409807064,644.193608804074,-38.4607335210775,645.442339983367
2.843627723,11.509659427064,644.174810004074,-38.3857365710775,645.4201134734
2.853627723,11.472159997064,643.949834404074,-38.2919865710775,645.189333389504
2.863627723,11.622159617064,644.137334404074,-38.2357350510775,645.37582198456
2.873627723,11.734659807064,644.006108804074,-37.9357320010775,645.229176479342
2.883627723,11.622159617064,643.931096604074,-38.0482350510775,645.158895124598
2.893627723,11.434659617064,643.968572204074,-37.9544850510775,645.187427312873
2.903627723,11.528409617064,643.931096604074,-37.8419820010775,645.145082135634
2.913627723,11.678409237064,643.949834404074,-37.4669820010775,645.144595584286
2.923627723,11.547159807064,643.818608804074,-37.5794850510775,645.017794823311
2.933627723,11.509659427064,644.043584404074,-37.6919804710775,645.248243906178
2.943627723,11.697159427064,644.081060004074,-37.7294865710775,645.291212981822
2.953627723,11.772159237064,643.912358804074,-37.7482320010775,645.125289050845
2.963627723,11.922159807064,643.912358804074,-37.5419865710775,645.116008537065
2.973627723,12.109659807064,643.931096604074,-37.4107304710775,645.130578866595
2.983627723,12.034659997064,643.968572204074,-37.4482365710775,645.168757341893
2.993627723,11.603409427064,643.781072204074,-37.6732350510775,644.986806592021
3.003627723,11.828409807064,643.856084404074,-37.4294835210775,645.051575410342
3.013627723,12.053409237064,643.968572204074,-37.7857304710775,645.188784843648
3.023627723,12.165909427064,643.949834404074,-37.8982335210775,645.17879280494
3.033627723,11.978409427064,644.249822204074,-38.1044865710775,645.486845411453
3.043627723,11.678409237064,644.212346604074,-38.3294850510775,645.457265962447
3.053627723,11.509659427064,644.043584404074,-38.5357304710775,645.298081040936
3.063627723,11.640909807064,643.893560004074,-38.3482304710775,645.139530780838
3.073627723,11.772159237064,644.193608804074,-38.6107350510775,645.457030497231
3.083627723,11.678409237064,644.268560004074,-38.6482335210775,645.532376110084
3.093627723,11.340909617064,644.024846604074,-38.4794865710775,645.273035358768
3.103627723,10.965909617064,643.818608804074,-38.1419850510775,645.040667896048
3.113627723,11.209659237064,643.837346604074,-37.8607350510775,645.046991002201
3.123627723,11.322159427064,643.781072204074,-37.5419865710775,644.974155279126
3.133627723,11.509659427064,643.874822204074,-37.4669820010775,645.066689318805
3.143627723,11.415909427064,643.874822204074,-37.4857350510775,645.066112882001
3.153627723,11.490909237064,643.893560004074,-37.1669865710775,645.06770381146
3.163627723,11.472159997064,643.987310004074,-37.2419835210775,645.165274358335
3.173627723,11.509659427064,644.118596604074,-37.2044850510775,645.294825997578
3.183627723,11.659659997064,644.343572204074,-37.2419835210775,645.524245902924
3.193627723,11.640909807064,644.118596604074,-37.4294835210775,645.310191697754
3.203627723,11.603409427064,644.118596604074,-37.6357365710775,645.321512324501
3.213627723,11.359659807064,644.174810004074,-37.7482320010775,645.379854608063
3.223627723,11.509659427064,644.362310004074,-37.7294865710775,645.568565661952
3.233627723,11.434659617064,644.043584404074,-37.6732350510775,645.245815710431
3.243627723,11.734659807064,644.081060004074,-37.3544865710775,645.270076606492
3.253627723,11.753409997064,643.931096604074,-37.1482335210775,645.108821110067
3.263627723,11.622159617064,643.668584404074,-37.2044850510775,644.847652434918
3.273627723,11.640909807064,643.912358804074,-37.1294804710775,645.086997948195
3.283627723,11.940909997064,643.818608804074,-36.9794865710775,644.990285819121
3.293627723,12.203409807064,643.762334404074,-36.7544804710775,644.926164954563
3.303627723,12.090909617064,643.687322204074,-36.8857365710775,644.856663471822
3.313627723,11.865909237064,643.799810004074,-37.1669865710775,644.980914488234
3.323627723,11.697159427064,643.706060004074,-37.3732320010775,644.896172802132
3.333627723,11.659659997064,643.799810004074,-37.5794850510775,645.001054828
3.343627723,11.753409997064,643.874822204074,-37.6544820010775,645.082002019632
3.353627723,11.603409427064,643.799810004074,-37.7482320010775,645.009894103045
3.363627723,11.397159237064,643.649846604074,-37.7669850510775,644.857631909533
3.373627723,11.172159807064,643.649846604074,-37.9919835210775,644.866911075509
3.383627723,11.078409807064,643.481084404074,-37.8982335210775,644.691331765609
3.393627723,11.078409807064,643.443608804074,-37.8982335210775,644.653926520797
3.403627723,11.040909427064,643.312322204074,-37.8232365710775,644.517837460909
3.413627723,10.965909617064,643.256108804074,-37.7669850510775,644.457149737154
3.423627723,10.984659807064,643.424810004074,-38.1232320010775,644.646825554942
3.433627723,10.909659047064,643.574834404074,-38.1794835210775,644.798620579085
3.443627723,10.722159047064,643.743596604074,-38.5357304710775,644.985104778644
3.453627723,10.609659807064,643.762334404074,-38.2357350510775,644.984092449962
3.463627723,10.647159237064,643.818608804074,-38.2544804710775,645.04198957769
3.473627723,10.909659047064,643.856084404074,-38.0107365710775,645.069371602268
3.483627723,10.703409807064,643.987310004074,-38.2169820010775,645.209079400664
3.493627723,10.759659427064,643.987310004074,-38.1607304710775,645.206685541429
3.503627723,10.703409807064,644.006108804074,-37.8607350510775,645.206840026569
3.513627723,10.572159427064,643.762334404074,-37.6544820010775,644.949279995802
3.523627723,10.872159617064,643.856084404074,-37.4294835210775,645.034749076001
3.533627723,11.078409807064,643.856084404074,-37.7107335210775,645.054639554431
3.543627723,11.134659427064,644.137334404074,-37.9169865710775,645.348420687906
3.553627723,10.890909807064,644.231084404074,-38.2357350510775,645.456639491586
3.563627723,10.909659047064,644.118596604074,-38.0482350510775,645.333600041271
3.573627723,10.947159427064,644.118596604074,-38.1232320010775,645.338661176387
3.583627723,10.872159617064,643.931096604074,-38.0294820010775,645.144714408895
3.593627723,11.059659617064,643.931096604074,-38.1607304710775,645.155651447507
3.603627723,10.984659807064,644.081060004074,-37.9919835210775,645.294092192788
3.613627723,10.909659047064,644.174810004074,-37.8232365710775,645.376482162946
3.623627723,10.872159617064,643.762334404074,-37.4482365710775,644.942259023554
3.633627723,11.040909427064,643.668584404074,-37.0544835210775,644.828801294371
3.643627723,11.359659807064,643.612310004074,-36.7919865710775,644.763133046206
3.653627723,11.453409807064,643.781072204074,-36.8107320010775,644.934321861452
3.663627723,11.453409807064,643.949834404074,-36.8107320010775,645.102782365491
3.673627723,11.378409997064,643.912358804074,-36.8482304710775,645.066187397493
3.683627723,11.284659997064,643.668584404074,-36.8107320010775,644.819059962133
3.693627723,11.547159807064,643.631108804074,-36.6044865710775,644.774557157076
3.703627723,11.528409617064,643.856084404074,-36.7732335210775,645.008397120565
3.713627723,11.584659237064,643.743596604074,-36.7732335210775,644.897118308016
3.723627723,11.228409427064,644.043584404074,-37.1482335210775,645.211753646852
3.733627723,10.797159807064,643.931096604074,-37.0544835210775,645.086715552753
3.743627723,10.778409617064,643.949834404074,-37.2419835210775,645.11590329141
3.753627723,10.947159427064,644.118596604074,-37.0357304710775,645.275330477037
3.763627723,11.059659617064,644.324834404074,-37.1669865710775,645.490660808859
3.773627723,10.815909047064,644.324834404074,-37.3732320010775,645.498438873835
3.783627723,10.984659807064,644.418584404074,-37.2232304710775,645.586201496849
3.793627723,11.040909427064,644.662358804074,-37.0732365710775,645.821866623966
3.803627723,11.003409047064,644.587346604074,-36.9607335210775,645.739899832087
3.813627723,11.303409237064,644.549810004074,-36.9794865710775,645.708685913183
3.823627723,11.284659997064,644.456060004074,-36.8669835210775,645.608342031891
3.833627723,11.153409617064,644.624822204074,-36.9982320010775,645.782029108062
3.843627723,11.228409427064,644.399846604074,-37.0357304710775,645.560907128942
3.853627723,11.247159617064,644.343572204074,-36.9794865710775,645.501835835669
3.863627723,11.097159997064,644.099858804074,-37.0732365710775,645.261342357718
3.873627723,10.909659047064,643.856084404074,-37.1482335210775,645.019123234657
3.883627723,11.247159617064,643.706060004074,-37.0169850510775,644.867620111052
3.893627723,11.209659237064,643.649846604074,-36.8669835210775,644.802261137166
3.903627723,11.415909427064,643.706060004074,-36.7169820010775,644.853434077297
3.913627723,11.640909807064,643.462346604074,-36.4919835210775,644.601401751238
3.923627723,11.565909997064,643.424810004074,-36.5107365710775,644.563643318332
3.933627723,11.584659237064,643.237310004074,-36.4357320010775,644.372566049619
3.943627723,11.547159807064,643.424810004074,-36.3982335210775,644.55694428952
3.953627723,11.603409427064,643.518560004074,-36.5669804710775,644.661089442213
3.963627723,11.528409617064,643.593572204074,-36.5857335210775,644.735687167986
3.973627723,11.584659237064,643.631108804074,-36.8107320010775,644.786971441309
3.983627723,11.547159807064,643.631108804074,-36.7169820010775,644.780953415374
3.993627723,11.265909807064,643.687322204074,-36.8482304710775,644.839578173426
4.003627723,11.097159997064,643.912358804074,-36.8294850510775,645.060217150116
4.013627723,11.078409807064,644.193608804074,-36.8294850510775,645.340644742757
4.023627723,10.965909617064,644.137334404074,-36.9419804710775,645.288979193075
4.033627723,11.078409807064,644.099858804074,-36.7919865710775,645.244922142846
4.043627723,11.078409807064,644.081060004074,-36.9607335210775,645.235800961355
4.053627723,11.078409807064,644.193608804074,-36.9607335210775,645.348148374415
4.063627723,11.022159237064,644.437322204074,-37.1482335210775,645.60122482655
4.073627723,11.097159997064,644.549810004074,-37.2044850510775,645.718033079613
4.083627723,11.097159997064,644.418584404074,-37.3169804710775,645.593537697544
4.093627723,10.890909807064,644.306096604074,-37.5794850510775,645.492971095974
4.103627723,11.022159237064,644.324834404074,-37.3919850510775,645.5030137576
4.113627723,10.853409427064,644.418584404074,-37.6357365710775,645.607897325296
4.123627723,10.797159807064,644.606084404074,-37.9169865710775,645.810560908757
4.133627723,10.665909427064,644.399846604074,-37.8982335210775,645.601425053631
4.143627723,10.553409237064,644.099858804074,-37.8607350510775,645.297944996388
4.153627723,10.272159237064,643.968572204074,-38.0482350510775,645.173393307913
4.163627723,10.178409237064,643.931096604074,-38.0107365710775,645.132291303883
4.173627723,10.253409047064,644.212346604074,-37.8982335210775,645.407589061542
4.183627723,10.159659047064,644.193608804074,-38.1794835210775,645.403979890042
4.193627723,9.93465961706397,644.474858804074,-38.4607335210775,645.69789307014
4.203627723,9.76590980706397,644.381108804074,-38.4982320010775,645.603980970638
4.213627723,9.80340923706397,644.324834404074,-38.3482304710775,645.539453358793
4.223627723,9.69090904706397,644.306096604074,-38.7607365710775,645.543689101574
4.233627723,9.89715923706397,644.343572204074,-38.3857365710775,645.56181545517
4.243627723,10.009659427064,644.474858804074,-38.3482304710775,645.692359946004
4.253627723,10.103409427064,644.287358804074,-38.2919865710775,645.503335260431
4.263627723,10.290909427064,644.249822204074,-38.3107320010775,645.469943849654
4.273627723,10.459659237064,643.856084404074,-38.0857335210775,645.066341544294
4.283627723,10.665909427064,643.837346604074,-37.8044835210775,645.034471544255
4.293627723,10.384659427064,643.724858804074,-37.7857304710775,644.91650344907
4.303627723,10.740909237064,643.949834404074,-37.3732320010775,645.1228680108
4.313627723,10.740909237064,643.743596604074,-37.6732350510775,644.934460188941
4.323627723,10.797159807064,643.556096604074,-37.5607320010775,644.741682167849
4.333627723,10.984659807064,643.574834404074,-37.2982350510775,644.748314125158
4.343627723,10.928409237064,643.293584404074,-36.9044820010775,644.44395152384
4.353627723,11.134659427064,643.387334404074,-36.6794835210775,644.528220657179
4.363627723,10.965909617064,643.162358804074,-36.5857335210775,644.295418929411
4.373627723,11.097159997064,643.424810004074,-36.5857335210775,644.559655102656
4.383627723,11.059659617064,642.993596604074,-36.6232320010775,644.130687412805
4.393627723,10.928409237064,643.162358804074,-36.5482350510775,644.292653532711
4.403627723,11.022159237064,643.424810004074,-36.5482350510775,644.556240842003
4.413627723,11.003409047064,643.443608804074,-36.4732304710775,644.570437781988
4.423627723,11.003409047064,643.856084404074,-36.6982365710775,644.994955795958
4.433627723,11.097159997064,643.874822204074,-36.5107365710775,645.004625962707
4.443627723,11.265909807064,644.043584404074,-36.4919835210775,645.174956269329
4.453627723,11.359659807064,643.987310004074,-36.5857335210775,645.125734422749
4.463627723,11.190909997064,644.306096604074,-36.7732335210775,645.451666115548
4.473627723,11.359659807064,644.306096604074,-36.6044865710775,645.445022003612
4.483627723,11.228409427064,644.193608804074,-36.5294820010775,645.32618562828
4.493627723,10.909659047064,643.987310004074,-36.6982365710775,645.124357526697
4.503627723,10.853409427064,643.893560004074,-36.7357350510775,645.031958387067
4.513627723,10.647159237064,643.743596604074,-36.7169820010775,644.877753481879
4.523627723,10.515909807064,643.612310004074,-36.9419804710775,644.757396133597
4.533627723,10.609659807064,643.724858804074,-37.0357304710775,644.876658016921
4.543627723,10.665909427064,643.612310004074,-36.8294850510775,644.753424327327
4.553627723,10.534659047064,643.537358804074,-36.7544804710775,644.672167114775
4.563627723,10.628409047064,643.387334404074,-36.7544804710775,644.523946013762
4.573627723,10.665909427064,643.462346604074,-36.8669835210775,644.605869966347
4.583627723,10.665909427064,643.218572204074,-36.7732335210775,644.357171106018
4.593627723,10.665909427064,643.387334404074,-36.9232350510775,644.53421087024
4.603627723,10.853409427064,643.424810004074,-36.8482304710775,644.57045752487
4.613627723,10.928409237064,643.424810004074,-36.6232320010775,644.558901404237
4.623627723,10.965909617064,643.368596604074,-36.6044865710775,644.50235896167
4.633627723,11.172159807064,643.349858804074,-36.7169820010775,644.493595581247
4.643627723,11.078409807064,643.537358804074,-36.9232350510775,644.6909248834
4.653627723,11.190909997064,643.574834404074,-36.8669835210775,644.727057303117
4.663627723,11.078409807064,644.024846604074,-37.0919820010775,645.187220375623
4.673627723,10.759659427064,644.062322204074,-37.5419865710775,645.245260276737
4.683627723,10.440909047064,644.456060004074,-37.7294865710775,645.643973111049
4.693627723,10.122159617064,644.624822204074,-38.1607304710775,645.832687982757
4.703627723,9.82215942706397,644.737310004074,-38.6107350510775,645.967075467693
4.713627723,9.35340942706397,645.037358804074,-39.1919804710775,646.294585969967
4.723627723,8.92215980706397,645.224858804074,-39.4919835210775,646.49388250531
4.733627723,8.73465980706397,645.524846604074,-39.8107320010775,646.810262942403
4.743627723,8.56590904706397,645.449834404074,-40.1669865710775,646.755170323555
4.753627723,8.56590904706397,645.581060004074,-39.9982320010775,646.875674606024
4.763627723,8.50965942706397,645.562322204074,-40.0919820010775,646.862035656643
4.773627723,8.58465923706397,645.581060004074,-39.9607335210775,646.87360560912
4.783627723,8.45340980706397,645.806096604074,-40.2607365710775,647.115060447215
4.793627723,8.49090923706397,645.637334404074,-40.2044850510775,646.94363257883
4.803627723,8.67840923706397,645.506108804074,-40.2419835210775,646.81749244124
4.813627723,8.75340904706397,645.356084404074,-40.2232304710775,646.667616412661
4.823627723,8.94090904706397,645.262334404074,-39.9982320010775,646.56266410797
4.833627723,8.94090904706397,645.187322204074,-40.1482335210775,646.49710072228
4.843627723,8.97840942706397,645.074834404074,-39.8482304710775,646.366796245723
4.853627723,8.95965923706397,644.981084404074,-39.7732335210775,646.268353578776
4.863627723,9.25965942706397,644.793584404074,-39.1732350510775,646.048798563797
4.873627723,9.31590904706397,644.943608804074,-38.8544865710775,646.180095503798
4.883627723,9.22215904706397,644.999822204074,-38.5544835210775,646.216888560144
4.893627723,8.99715961706397,644.999822204074,-38.5919820010775,646.215955079441
4.903627723,9.29715980706397,645.037358804074,-38.4232350510775,646.24761231683
4.913627723,9.52215923706397,644.887334404074,-38.1232320010775,646.083374193715
4.923627723,9.44715942706397,644.699834404074,-38.1607304710775,645.897334451821
4.933627723,9.46590961706397,644.774846604074,-38.1607304710775,645.972482082845
4.943627723,9.42840923706397,644.943608804074,-38.2732335210775,646.147037323644
4.953627723,9.82215942706397,644.699834404074,-38.1044865710775,645.899607673899
4.963627723,9.87840904706397,644.531072204074,-38.0857335210775,645.730910751276
4.973627723,10.384659427064,644.587346604074,-37.5982304710775,645.766455839921
4.983627723,10.065909047064,644.437322204074,-37.6544820010775,645.614935382749
4.993627723,10.178409237064,644.568608804074,-37.5982304710775,645.744468350115
5.003627723,10.515909807064,644.774846604074,-37.5794850510775,645.954646139403
5.013627723,10.347159047064,644.437322204074,-37.5232335210775,645.611740137817
5.023627723,10.534659047064,644.174810004074,-37.4482365710775,645.348382896638
5.033627723,10.497159617064,644.212346604074,-37.3169804710775,645.377637440772
5.043627723,10.722159047064,644.118596604074,-37.0357304710775,645.271552539982
5.053627723,10.497159617064,644.099858804074,-37.3732320010775,645.268608365277
5.063627723,10.534659047064,644.099858804074,-37.2794820010775,645.263796389457
5.073627723,10.497159617064,644.081060004074,-37.2419835210775,645.242254934208
5.083627723,10.422159807064,643.949834404074,-37.1294804710775,645.103564525984
5.093627723,10.740909237064,644.118596604074,-36.8482304710775,645.261129862392
5.103627723,10.515909807064,644.212346604074,-36.6044865710775,645.337136939546
5.113627723,10.497159617064,644.099858804074,-36.6607304710775,645.227733153285
5.123627723,10.440909047064,644.099858804074,-36.6982365710775,645.228952590151
5.133627723,10.590909617064,644.024846604074,-36.6232320010775,645.15225453541
5.143627723,10.478409427064,644.006108804074,-36.6607304710775,645.133842237221
5.153627723,10.459659237064,644.043584404074,-36.5857335210775,645.166690848713
5.163627723,10.328409807064,644.081060004074,-36.6232320010775,645.2041142362
5.173627723,10.290909427064,643.968572204074,-36.9044820010775,645.107251234365
5.183627723,10.309659617064,643.762334404074,-37.1107350510775,644.913512755651
5.193627723,10.215909617064,643.912358804074,-37.2044850510775,645.067178158869
5.203627723,10.122159617064,643.818608804074,-37.0919820010775,644.965638066475
5.213627723,10.178409237064,643.987310004074,-36.7732335210775,645.116676396198
5.223627723,10.215909617064,644.024846604074,-36.6419850510775,645.147272272919
5.233627723,10.159659047064,643.856084404074,-36.7357350510775,644.983248097066
5.243627723,10.309659617064,643.668584404074,-36.7732335210775,644.800594241165
5.253627723,10.309659617064,643.668584404074,-36.6607304710775,644.79418793041
5.263627723,10.459659237064,643.837346604074,-36.6232320010775,644.962940389395
5.273627723,10.459659237064,643.781072204074,-36.4919835210775,644.899324128104
5.283627723,10.572159427064,643.687322204074,-36.5107365710775,644.808633011505
5.293627723,10.328409807064,643.387334404074,-36.8294850510775,644.523350306139
5.303627723,10.328409807064,643.406072204074,-36.8107320010775,644.540983792863
5.313627723,10.347159047064,643.556096604074,-36.7357350510775,644.686766892543
5.323627723,10.178409237064,643.537358804074,-36.6419850510775,644.660040067324
5.333627723,10.178409237064,643.462346604074,-36.6044865710775,644.583027971534
5.343627723,10.197159427064,643.387334404074,-36.3607350510775,644.494644807399
5.353627723,10.197159427064,643.406072204074,-36.4544850510775,644.518646192486
5.363627723,10.084659237064,643.349858804074,-36.6044865710775,644.469261960787
5.373627723,10.178409237064,643.462346604074,-36.5294820010775,644.578772972773
5.383627723,10.328409807064,643.537358804074,-36.6044865710775,644.660295553246
5.393627723,10.497159617064,643.368596604074,-36.6044865710775,644.494553812097
5.403627723,10.347159047064,643.274846604074,-36.7919865710775,644.409219556709
5.413627723,10.384659427064,643.387334404074,-36.8669835210775,644.526397982999
5.423627723,10.215909617064,643.349858804074,-37.2044850510775,644.505686041979
5.433627723,10.103409427064,643.424810004074,-37.2232304710775,644.579811891074
5.443627723,10.347159047064,643.837346604074,-37.2419835210775,644.996556517245
5.453627723,10.347159047064,643.762334404074,-37.0169850510775,644.908725386779
5.463627723,10.497159617064,643.874822204074,-36.9419804710775,645.019136886247
5.473627723,10.384659427064,644.043584404074,-36.9419804710775,645.185779202075
5.483627723,10.572159427064,644.399846604074,-36.7919865710775,645.53588833941
5.493627723,10.478409427064,644.662358804074,-36.8857365710775,645.801758657674
5.503627723,10.459659237064,644.943608804074,-36.5482350510775,646.06302826731
5.513627723,10.778409617064,644.831060004074,-36.6419850510775,645.961225715859
5.523627723,10.703409807064,644.624822204074,-36.4357320010775,645.742430810913
5.533627723,10.572159427064,644.774846604074,-36.8107320010775,645.911296819241
5.543627723,10.309659617064,644.868596604074,-36.9232350510775,646.007059755669
5.553627723,10.215909617064,644.793584404074,-37.1294804710775,645.942512626325
5.563627723,10.253409047064,644.549810004074,-37.0732365710775,645.696534637774
5.573627723,10.365909237064,644.231084404074,-36.9982320010775,645.375868279846
5.583627723,10.422159807064,644.081060004074,-37.1857320010775,645.237794875247
5.593627723,10.365909237064,644.362310004074,-36.8857365710775,645.500423075375
5.603627723,10.140909807064,644.437322204074,-37.0544835210775,645.581393048379
5.613627723,10.178409237064,644.249822204074,-36.9982320010775,645.391588569129
5.623627723,10.140909807064,643.987310004074,-36.7732335210775,645.116085833855
5.633627723,9.89715923706397,643.762334404074,-36.5669804710775,644.875988868495
5.643627723,9.91590942706397,643.874822204074,-36.6044865710775,644.990697890462
5.653627723,9.63465942706397,643.912358804074,-36.7919865710775,645.034574855293
5.663627723,9.74715961706397,643.949834404074,-36.7169820010775,645.069401783174
5.673627723,9.67215980706397,643.706060004074,-36.8294850510775,644.831337118808
5.683627723,9.84090961706397,643.987310004074,-36.8294850510775,645.114648661385
5.693627723,9.99090923706397,643.987310004074,-36.7919865710775,645.114814579167
5.703627723,9.91590942706397,643.856084404074,-36.9607335210775,644.992308873779
5.713627723,10.197159427064,643.968572204074,-36.8669835210775,645.103618437285
5.723627723,10.178409237064,643.762334404074,-36.9419804710775,644.901739130161
5.733627723,10.272159237064,643.649846604074,-36.5482350510775,644.768497814672
5.743627723,10.103409427064,643.631108804074,-36.3044835210775,644.733354671639
5.753627723,9.91590942706397,643.687322204074,-36.4919835210775,644.797145532856
5.763627723,10.084659237064,643.406072204074,-36.4544850510775,644.516876102822
5.773627723,10.047159807064,643.649846604074,-36.5482350510775,644.764952474144
5.783627723,10.272159237064,643.706060004074,-36.4544850510775,644.819306799742
5.793627723,10.347159047064,643.968572204074,-36.5857335210775,645.089994949677
5.803627723,10.403409617064,644.043584404074,-36.5669804710775,645.164718195656
5.813627723,10.665909427064,644.156072204074,-36.6794835210775,645.287681187747
5.823627723,10.797159807064,644.043584404074,-36.8107320010775,645.185048852189
5.833627723,10.740909237064,643.931096604074,-36.6794835210775,645.064344710152
5.843627723,10.497159617064,643.931096604074,-36.6044865710775,645.056071958775
5.853627723,10.703409807064,643.668584404074,-36.1732350510775,644.773070517297
5.863627723,10.590909617064,643.668584404074,-36.0607320010775,644.764910884359
5.873627723,10.590909617064,643.499822204074,-36.0419865710775,644.595387308334
5.883627723,10.628409047064,643.537358804074,-35.9857350510775,644.630334674503
5.893627723,10.590909617064,643.593572204074,-35.9669820010775,644.684789135887
5.903627723,10.572159427064,643.462346604074,-35.9482365710775,644.552432130035
5.913627723,10.722159047064,643.424810004074,-35.6294804710775,644.499736774227
5.923627723,10.778409617064,643.293584404074,-35.5919820010775,644.367596199623
5.933627723,10.515909807064,643.181096604074,-35.9669820010775,644.27178363029
5.943627723,10.628409047064,643.293584404074,-36.1919804710775,644.398524412286
5.953627723,10.553409237064,643.256108804074,-35.9857350510775,644.34832900183
5.963627723,10.272159237064,643.218572204074,-35.9107304710775,644.302125905701
5.973627723,10.178409237064,643.049810004074,-36.0232335210775,644.138441264133
5.983627723,10.140909807064,642.768560004074,-36.0982304710775,643.861275450364
5.993627723,10.253409047064,642.862310004074,-36.4919835210775,643.978840399406
6.003627723,10.328409807064,642.974858804074,-36.6794835210775,644.103042699407
6.013627723,10.478409427064,643.274846604074,-36.5107365710775,644.395343886483
6.023627723,10.534659047064,643.331060004074,-36.2669850510775,644.43861306714
6.033627723,10.572159427064,643.462346604074,-36.4732304710775,644.581925431647
6.043627723,10.909659047064,643.631108804074,-36.5294820010775,644.759201513365
6.053627723,11.078409807064,643.762334404074,-36.3982335210775,644.885653247683
6.063627723,11.115909237064,644.493596604074,-36.7919865710775,645.638606170408
6.073627723,11.097159997064,644.456060004074,-36.8669835210775,645.605091917589
6.083627723,10.928409237064,644.549810004074,-36.8107320010775,645.692587610541
6.093627723,10.890909807064,644.362310004074,-36.6794835210775,645.497314465045
6.103627723,10.909659047064,644.174810004074,-36.7357350510775,645.313660737204
6.113627723,11.003409047064,643.987310004074,-36.6982365710775,645.125949737233
6.123627723,10.872159617064,643.799810004074,-36.5107365710775,644.925912877583
6.133627723,10.703409807064,643.856084404074,-36.3982335210775,644.972907810165
6.143627723,10.722159047064,643.406072204074,-36.0044804710775,644.50187048425
6.153627723,10.815909047064,643.424810004074,-35.8169804710775,644.51169586545
6.163627723,11.059659617064,643.424810004074,-35.7794820010775,644.513749684124
6.173627723,11.059659617064,643.424810004074,-35.9482365710775,644.523139935405
6.183627723,10.928409237064,643.706060004074,-36.2482320010775,644.818467584192
6.193627723,10.740909237064,643.649846604074,-36.1169835210775,644.751834943762
6.203627723,10.928409237064,643.781072204074,-36.2482320010775,644.89335039205
6.213627723,11.059659617064,643.649846604074,-36.4169865710775,644.774098436973
6.223627723,11.040909427064,643.799810004074,-36.4919835210775,644.927718355756
6.233627723,10.815909047064,644.043584404074,-36.5294820010775,645.169377416372
6.243627723,10.759659427064,644.043584404074,-36.4919835210775,645.166314793586
6.253627723,10.684659617064,643.856084404074,-36.3794804710775,644.971538887278
6.263627723,10.703409807064,643.687322204074,-36.1169835210775,644.788622919489
6.273627723,10.534659047064,643.762334404074,-36.3232365710775,644.872312751617
6.283627723,10.347159047064,643.668584404074,-36.4544850510775,644.783095102089
6.293627723,10.290909427064,643.537358804074,-36.3419820010775,644.644843808687
6.303627723,10.122159617064,643.462346604074,-36.1919804710775,644.558848409479
6.313627723,10.253409047064,643.143560004074,-36.1544820010775,644.240574428968
6.323627723,10.234659807064,643.087346604074,-36.2294865710775,644.188372543962
6.333627723,10.440909047064,643.481084404074,-36.3982335210775,644.594252201357
6.343627723,10.328409807064,643.387334404074,-36.6044865710775,644.510532542219
6.353627723,10.534659047064,643.349858804074,-36.7544804710775,644.484997264606
6.363627723,10.553409237064,643.424810004074,-36.7732335210775,644.561192811745
6.373627723,10.497159617064,643.743596604074,-36.9232350510775,644.887070590977
6.383627723,10.515909807064,643.762334404074,-36.9419804710775,644.907154152889
6.393627723,10.572159427064,643.724858804074,-36.8857365710775,644.86744526272
6.403627723,10.365909237064,643.687322204074,-36.6982365710775,644.815928314422
6.413627723,10.178409237064,643.574834404074,-36.5669804710775,644.693191800255
6.423627723,10.197159427064,643.556096604074,-36.5669804710775,644.67478281489
6.433627723,10.197159427064,643.856084404074,-36.4919835210775,644.97000267131
6.443627723,10.234659807064,643.818608804074,-36.5669804710775,644.937433682177
6.453627723,10.234659807064,643.781072204074,-36.4732304710775,644.894653203599
6.463627723,10.422159807064,643.893560004074,-36.6419850510775,645.019513734466
6.473627723,10.384659427064,643.987310004074,-36.6794835210775,645.114626333237
6.483627723,10.347159047064,644.024846604074,-37.0357304710775,645.171846933259
6.493627723,10.497159617064,644.081060004074,-37.0732365710775,645.232537218833
6.503627723,10.534659047064,644.287358804074,-37.0544835210775,645.438002061376
6.513627723,10.647159237064,644.156072204074,-36.9232350510775,645.301272774072
6.523627723,10.684659617064,644.249822204074,-36.5107365710775,645.37200841536
6.533627723,10.609659807064,644.212346604074,-36.4919835210775,645.332299873214
6.543627723,10.515909807064,644.174810004074,-36.3982335210775,645.287998963494
6.553627723,10.459659237064,644.249822204074,-36.3419820010775,645.358797520498
6.563627723,10.740909237064,644.249822204074,-36.1544820010775,645.352885722212
6.573627723,10.590909617064,644.249822204074,-36.3419820010775,645.360938105386
6.583627723,10.853409427064,644.474858804074,-36.2107335210775,645.58257206097
6.593627723,10.928409237064,644.437322204074,-36.1544820010775,645.543212300134
6.603627723,10.947159427064,644.231084404074,-36.1357365710775,645.336595792851
6.613627723,11.228409427064,644.024846604074,-36.1919804710775,645.138698011584
6.623627723,11.340909617064,643.762334404074,-36.2482320010775,644.881767265542
6.633627723,11.303409237064,643.762334404074,-36.3044835210775,644.88427316961
6.643627723,11.434659617064,643.837346604074,-36.3419820010775,644.963580350472
6.653627723,11.697159427064,644.006108804074,-36.3232365710775,645.135698307438
6.663627723,11.584659237064,643.706060004074,-36.3607350510775,644.836257563936
6.673627723,11.640909807064,643.687322204074,-36.3794804710775,644.819622954151
6.683627723,11.753409997064,643.706060004074,-36.4544850510775,644.844604391528
6.693627723,11.565909997064,643.893560004074,-36.3232365710775,645.020979816764
6.703627723,11.434659617064,644.006108804074,-36.3044835210775,645.129936633896
6.713627723,11.359659807064,643.968572204074,-36.2294865710775,645.086924030157
6.723627723,11.134659427064,643.968572204074,-36.1919804710775,645.080895762329
6.733627723,10.947159427064,643.799810004074,-36.1544820010775,644.907111318808
6.743627723,10.984659807064,644.043584404074,-36.1357365710775,645.150054499462
6.753627723,10.778409617064,644.137334404074,-36.1169835210775,645.239115511235
6.763627723,10.797159807064,644.268560004074,-36.3419820010775,645.383061232156
6.773627723,10.834659237064,644.362310004074,-36.4919835210775,645.485740551929
6.783627723,10.984659807064,644.568608804074,-36.5482350510775,645.697396380104
6.793627723,10.928409237064,644.474858804074,-36.5857335210775,645.604979578271
6.803627723,11.115909237064,644.531072204074,-36.5669804710775,645.663233067729
6.813627723,11.022159237064,644.287358804074,-36.5857335210775,645.419402099326
6.823627723,10.872159617064,643.931096604074,-36.4732304710775,645.054848496979
6.833627723,10.947159427064,643.893560004074,-36.5857335210775,645.025017198184
6.843627723,10.759659427064,643.968572204074,-36.7544804710775,645.10633549225
6.853627723,10.665909427064,643.874822204074,-36.8669835210775,645.01761430691
6.863627723,10.572159427064,643.874822204074,-36.7919865710775,645.011788651282
6.873627723,10.722159047064,643.931096604074,-36.9419804710775,645.07901205161
6.883627723,10.403409617064,643.593572204074,-37.1669865710775,644.749797987433
6.893627723,10.403409617064,643.706060004074,-36.9794865710775,644.851304600285
6.903627723,10.478409427064,643.912358804074,-37.0357304710775,645.061677838851
6.913627723,10.459659237064,643.818608804074,-36.8857365710775,644.959194892328
6.923627723,10.403409617064,643.631108804074,-36.7732335210775,644.76469029842
6.933627723,10.422159807064,643.818608804074,-36.7732335210775,644.952163467224
6.943627723,10.497159617064,643.724858804074,-36.6982365710775,644.855522400001
6.953627723,10.647159237064,644.024846604074,-36.7732335210775,645.161712864935
6.963627723,10.759659427064,644.118596604074,-36.4357320010775,645.238017578508
6.973627723,10.740909237064,644.081060004074,-36.7544804710775,645.218312528333
6.983627723,11.022159237064,644.156072204074,-36.6794835210775,645.293667924148
6.993627723,10.947159427064,644.249822204074,-37.0357304710775,645.406320887105
7.003627723,10.928409237064,644.381108804074,-36.9794865710775,645.533830204956
7.013627723,10.909659047064,644.287358804074,-36.8857365710775,645.434565961294
7.023627723,11.078409807064,644.249822204074,-36.7544804710775,645.392482454307
7.033627723,11.134659427064,643.893560004074,-36.6419850510775,645.031419640749
7.043627723,10.890909807064,643.893560004074,-36.8669835210775,645.040078603717
7.053627723,11.078409807064,643.949834404074,-36.6044865710775,645.084497434266
7.063627723,10.759659427064,643.837346604074,-36.4919835210775,644.960436007096
7.073627723,10.759659427064,643.762334404074,-36.2294865710775,644.87075384574
7.083627723,10.609659807064,643.818608804074,-36.1544820010775,644.920237310321
7.093627723,10.665909427064,643.631108804074,-36.0607320010775,644.728735389328
7.103627723,10.215909617064,643.612310004074,-36.4169865710775,644.722705749536
7.113627723,9.89715923706397,643.687322204074,-36.4919835210775,644.796857458625
7.123627723,10.197159427064,643.762334404074,-36.3044835210775,644.865831612667
7.133627723,10.028409617064,643.837346604074,-36.5857335210775,644.953962526704
7.143627723,10.103409427064,643.856084404074,-36.7544804710775,644.983432454583
7.153627723,10.084659237064,643.837346604074,-36.7732335210775,644.965502905154
7.163627723,10.103409427064,643.893560004074,-36.6982365710775,645.017640118623
7.173627723,10.309659617064,644.118596604074,-36.7732335210775,645.249816951712
7.183627723,10.459659237064,644.156072204074,-36.6607304710775,645.283239351069
7.193627723,10.534659047064,644.137334404074,-36.4169865710775,645.251951973291
7.203627723,10.478409427064,644.156072204074,-36.3794804710775,645.267625889326
7.213627723,10.515909807064,644.137334404074,-36.0044804710775,645.228496384225
7.223627723,10.553409237064,644.156072204074,-35.8544865710775,645.239462534012
7.233627723,10.515909807064,644.006108804074,-35.6857320010775,645.079781115862
7.243627723,10.534659047064,643.931096604074,-35.8357335210775,645.013516146721
7.253627723,10.159659047064,643.687322204074,-35.9107304710775,644.768305673573
7.263627723,10.290909427064,643.574834404074,-35.6482335210775,644.643519201303
7.273627723,10.272159237064,643.818608804074,-35.7794820010775,644.893859197055
7.283627723,10.309659617064,643.706060004074,-35.7607365710775,644.781056675438
7.293627723,10.290909427064,643.499822204074,-35.7982350510775,644.576944690301
7.303627723,10.234659807064,643.631108804074,-35.9482365710775,644.7154629713
7.313627723,10.178409237064,643.743596604074,-36.0419865710775,644.832104488708
7.323627723,10.253409047064,643.518560004074,-35.6482335210775,644.586740493455
7.333627723,10.384659427064,643.724858804074,-35.4419804710775,644.783427961245
7.343627723,10.290909427064,643.912358804074,-35.5357304710775,644.974276058802
7.353627723,10.497159617064,643.799810004074,-35.6107350510775,644.869374503229
7.363627723,10.459659237064,644.024846604074,-35.8919850510775,645.109015675384
7.373627723,10.159659047064,644.212346604074,-35.9669820010775,645.29558342154
7.383627723,10.028409617064,644.081060004074,-36.0044804710775,645.164555341823
7.393627723,10.122159617064,643.968572204074,-35.9482365710775,645.050583919151
7.403627723,10.178409237064,644.343572204074,-36.5482350510775,645.459535943697
7.413627723,10.347159047064,644.156072204074,-36.6419850510775,645.280360871311
7.423627723,10.159659047064,643.949834404074,-36.8294850510775,645.082179935328
7.433627723,9.95340980706397,643.912358804074,-36.8482304710775,645.042625162294
7.443627723,9.85965980706397,643.856084404074,-36.8294850510775,644.983938780482
7.453627723,10.215909617064,643.818608804074,-36.8482304710775,644.953143988435
7.463627723,10.365909237064,643.781072204074,-36.7919865710775,644.914855836322
7.473627723,10.234659807064,643.931096604074,-37.0544835210775,645.077545868794
7.483627723,10.253409047064,643.743596604074,-36.6419850510775,644.867106956401
7.493627723,10.253409047064,643.856084404074,-36.6794835210775,644.981530225948
7.503627723,10.347159047064,643.949834404074,-36.4544850510775,645.06385917188
7.513627723,10.440909047064,643.743596604074,-36.0982304710775,644.839447454652
7.523627723,10.422159807064,643.706060004074,-35.6857320010775,644.778709767518
7.533627723,10.309659617064,643.631108804074,-35.8169804710775,644.709352648034
7.543627723,10.253409047064,643.762334404074,-35.7232304710775,644.834261488764
7.553627723,10.515909807064,643.874822204074,-35.3669835210775,644.931154892348
7.563627723,10.572159427064,643.931096604074,-35.3107320010775,644.98517465375
7.573627723,10.234659807064,643.781072204074,-35.3482304710775,644.832004933866
7.583627723,10.422159807064,643.724858804074,-35.4794865710775,644.786095712924
7.593627723,10.478409427064,643.968572204074,-35.6857320010775,645.041696729078
7.603627723,10.647159237064,644.024846604074,-35.7794820010775,645.105833468808
7.613627723,10.665909427064,644.062322204074,-35.4982320010775,645.128019064444
7.623627723,10.665909427064,643.931096604074,-35.3857365710775,644.990828733486
7.633627723,10.328409807064,643.649846604074,-35.6107350510775,644.716934424301
7.643627723,10.309659617064,643.593572204074,-35.8919850510775,644.676050318861
7.653627723,10.497159617064,643.781072204074,-35.6294804710775,644.851703236405
7.663627723,10.422159807064,643.949834404074,-35.4419804710775,645.008639185392
7.673627723,10.440909047064,643.856084404074,-35.5544835210775,644.921538874556
7.683627723,10.628409047064,643.987310004074,-35.6107350510775,645.058712813053
7.693627723,10.534659047064,643.949834404074,-35.9107304710775,645.036393417642
7.703627723,10.403409617064,643.893560004074,-36.0232335210775,644.984357096895
7.713627723,10.722159047064,644.137334404074,-35.9294835210775,645.227710234075
7.723627723,10.609659807064,644.081060004074,-35.8732320010775,645.166540911257
7.733627723,10.515909807064,644.174810004074,-36.0232335210775,645.266955264384
7.743627723,10.347159047064,644.212346604074,-36.3232365710775,645.318517270713
7.753627723,10.365909237064,644.137334404074,-35.9294835210775,645.221888526411
7.763627723,4.44090999706397,628.124822204074,-33.8669835210775,629.052848752248
7.773627723,-4.33409153293603,567.618596604074,-28.2044850510775,568.3354190416
7.783627723,-9.28409229293603,480.693578304074,-22.0919820010775,481.290521682294
7.793627723,-12.659092292936,390.749822204074,-15.3044835210775,391.254269479636
7.803627723,-14.871590002936,307.162328304074,-8.79823123107746,307.64796276132
7.813627723,-17.290340762936,227.981069204074,-3.32323276107746,228.659938937969
7.823627723,-19.671593052936,148.106069204074,2.30176723892254,149.424487420049
7.833627723,-22.409092292936,67.3873115340741,7.75801647892254,71.4381130270874
7.843627723,-19.202843052936,2.32481057407409,11.2642687689225,22.3838708989206
7.853627723,-12.959091532936,-17.9251903769259,11.4705179989225,24.9163257036758
7.863627723,-10.465340002936,-11.5126899959259,11.0205172389225,19.0661263116747
7.873627723,-9.60284076293603,-2.17518942592591,9.93301952892254,13.986095835469
7.883627723,-9.86534153293603,1.08731038407409,8.90176952892254,13.3322431788068
7.893627723,-9.86534153293603,-0.318939615925913,8.90176952892254,13.2916585415867
7.903627723,-9.77159153293603,-1.18143980592591,9.07051647892254,13.3848447990994
7.913627723,-9.75284229293603,-0.862689425925915,8.92051876892254,13.2452942943215
7.923627723,-9.69659076293603,-0.525189805925914,8.71426952892254,13.0475357895203
7.933627723,-9.41534076293603,-0.112689425925915,8.54551876892254,12.7156294228374
7.943627723,-9.41534076293603,-0.281439235925914,8.20801723892254,12.4939744165007
7.953627723,-9.22784076293603,-0.206439425925915,7.87051952892254,12.1301582857699
7.963627723,-9.20909153293603,-0.468939235925914,7.90801799892255,12.1475931583284
7.973627723,-9.20909153293603,-0.487689425925915,7.88926876892254,12.1361348685012
7.983627723,-9.17159305293603,-0.262689045925914,7.83301723892254,12.0641321166826
7.993627723,-8.77784191293603,-0.375189235925914,8.09551799892255,11.9469112025716
8.003627723,-8.59034191293603,-0.318939615925913,8.20801723892254,11.8855897478502
8.013627723,-8.75909076293603,-0.750189235925914,8.11426723892254,11.9635190352882
8.023627723,-8.62784038293603,-0.543939045925914,8.20801723892254,11.9208660068618
8.033627723,-8.68409191293603,-0.450189045925914,8.17051876892254,11.932036686279
8.043627723,-8.57159076293603,-0.375189235925914,8.20801723892254,11.8736886503081
8.053627723,-8.42159114293603,-0.450189045925914,8.11426723892254,11.7032986965429
8.063627723,-8.53409038293603,-0.375189235925914,7.66426647892254,11.4766043012213
8.073627723,-8.66534076293603,-0.243939805925914,7.28926647892254,11.3261221504741
8.083627723,-8.77784191293603,-0.393939425925915,7.28926647892254,11.4166152041899
8.093627723,-8.36534153293603,-0.0939392359259141,7.34551799892255,11.1330318518904
8.103627723,-8.27159153293603,-0.0564398059259137,7.45801723892254,11.1375236509512
8.113627723,-8.12159191293603,-0.243939805925914,7.60801876892254,11.1311145631271
8.123627723,-8.00909076293603,-0.131439615925913,7.87051952892254,11.2297768845482
8.133627723,-7.93409191293603,-0.206439425925915,7.98301876892254,11.2570431457138
8.143627723,-7.59659038293603,-0.487689425925915,8.22676647892254,11.2082876979938
8.153627723,-7.52159153293603,-0.487689425925915,8.13301647892254,11.0886490255089
8.163627723,-7.39034114293603,-0.393939425925915,7.90801799892255,10.8309315920448
8.173627723,-7.35284076293603,-0.262689045925914,7.90801799892255,10.8013897944304
8.183627723,-7.24034153293603,-0.281439235925914,7.81426799892255,10.6566663603616
8.193627723,-7.18409191293603,-0.356439045925914,7.68301952892254,10.5245909416366
8.203627723,-7.12784038293603,-0.506439615925913,7.21426952892254,10.1542244630072
8.213627723,-7.12784038293603,-0.393939425925915,7.15801799892255,10.1093282896942
8.223627723,-7.22159038293603,-0.337689805925914,7.04551876892254,10.0947876048573
8.233627723,-7.27784191293603,-0.562689235925914,7.13926876892254,10.2104241165991
8.243627723,-7.25909076293603,-0.393939425925915,7.13926876892254,10.1891484202928
8.253627723,-7.35284076293603,-0.431439805925914,6.82051647892254,10.0384188311947
8.263627723,-7.31534038293603,-0.356439045925914,6.68926799892255,9.9190503614552
8.273627723,-7.31534038293603,-0.318939615925913,6.80176723892254,9.99399644633225
8.283627723,-7.25909076293603,-0.225189615925913,6.80176723892254,9.95033399641158
8.293627723,-7.10909114293603,-0.300189425925915,6.72676647892254,9.79176581786785
8.303627723,-7.01534114293603,-0.150189805925914,6.87676799892255,9.8248412934042
8.313627723,-6.77159153293603,-0.000189235925914133,6.93301952892254,9.69129566741014
8.323627723,-6.71534191293603,-0.000189235925914133,7.06426799892255,9.74677892454973
8.333627723,-6.79034076293603,-0.356439045925914,7.36426723892254,10.0233830833965
8.343627723,-6.80909191293603,-0.375189235925914,7.43926799892255,10.0919377723685
8.353627723,-6.86534153293603,-0.337689805925914,7.06426799892255,9.85651211785811
8.363627723,-7.03409038293603,-0.412689615925913,7.17676723892254,10.0575706925717
8.373627723,-7.22159038293603,-0.450189045925914,7.06426799892255,10.1122658290112
8.383627723,-7.20284114293603,-0.431439805925914,6.87676799892255,9.96779809925515
8.393627723,-7.18409191293603,-0.337689805925914,6.78301799892255,9.88607830194796
8.403627723,-7.39034114293603,-0.618939805925914,6.65176952892254,9.96224204475253
8.413627723,-7.35284076293603,-0.356439045925914,6.50176799892255,9.82162426436522
8.423627723,-7.44659076293603,-0.468939235925914,6.42676723892254,9.84758625963353
8.433627723,-7.37159191293603,-0.487689425925915,6.76426876892254,10.0166631312651
8.443627723,-7.31534038293603,-0.393939425925915,6.95176876892254,10.0993307801102
8.453627723,-7.20284114293603,-0.206439425925915,6.83926952892254,9.93474435786835
8.463627723,-7.12784038293603,-0.300189425925915,6.87676799892255,9.90889299200756
8.473627723,-7.22159038293603,-0.450189045925914,7.12051952892254,10.1516420444061
8.483627723,-7.20284114293603,-0.318939615925913,7.04551876892254,10.0807726753567
8.493627723,-7.12784038293603,-0.337689805925914,6.87676799892255,9.91009995109258
8.503627723,-7.12784038293603,-0.187689235925914,6.74551952892254,9.81546583148102
8.513627723,-7.18409191293603,-0.131439615925913,6.57676876892254,9.74075666598969
8.523627723,-7.20284114293603,-0.000189235925914133,6.46426952892254,9.67820753594066
8.533627723,-7.14659153293603,-0.150189805925914,6.48301876892254,9.65017408519862
8.543627723,-7.09034191293603,-0.0939392359259141,6.37051952892254,9.53232878633376
8.553627723,-7.09034191293603,-0.0564398059259137,5.97676647892254,9.27350373039244
8.563627723,-6.94034038293603,0.168560574074085,5.84551799892255,9.07561667182304
8.573627723,-7.09034191293603,-0.206439425925915,5.97676647892254,9.27562953240836
8.583627723,-6.71534191293603,-0.112689425925915,6.16426647892254,9.11628746461623
8.593627723,-6.64034114293603,-0.0751890459259137,6.10801876892254,9.02262030502815
8.603627723,-6.26534114293603,-0.000189235925914133,6.01426876892254,8.68481021658011
8.613627723,-6.28409038293603,0.243560384074087,6.01426876892254,8.70175513482403
8.623627723,-6.39659153293603,0.318560194074086,6.10801876892254,8.85018401605229
8.633627723,-6.54659114293603,0.412310194074086,6.05176723892254,8.92478246250305
8.643627723,-6.60284076293603,0.187310764074086,6.29551876892254,9.12502865929108
8.653627723,-6.58409153293603,0.712310384074087,6.31426799892255,9.15028020114996
8.663627723,-6.95909153293603,0.562310764074086,6.18301952892254,9.3260323211006
8.673627723,-7.10909114293603,0.543560574074085,6.25801647892254,9.48669622296009
8.683627723,-7.40909038293603,0.299810954074086,6.42676723892254,9.81263695720911
8.693627723,-7.39034114293603,0.356060574074085,6.37051952892254,9.76357723428081
8.703627723,-7.42784153293603,0.393560954074086,6.12676799892255,9.63664911551741
8.713627723,-7.25909076293603,0.393560954074086,6.12676799892255,9.50718544269208
8.723627723,-7.07159076293603,0.431060384074087,6.14551723892254,9.37873078337653
8.733627723,-7.09034191293603,0.281060764074086,6.16426647892254,9.39947470971689
8.743627723,-6.92159114293603,0.131060194074086,6.25801647892254,9.33211503223719
8.753627723,-6.90284191293603,-0.0189394259259146,6.03301799892255,9.1677091659893
8.763627723,-6.86534153293603,0.168560574074085,5.71426952892254,8.93387952012793
8.773627723,-6.94034038293603,0.0185609540740863,5.67676723892254,8.9662899476279
8.783627723,-6.90284191293603,-0.187689235925914,5.77051723892254,8.99907344835962
8.793627723,-6.97784076293603,-0.337689805925914,5.88301647892254,9.13313631832965
8.803627723,-7.22159038293603,-0.262689045925914,5.62051952892254,9.15481365013856
8.813627723,-7.05284153293603,-0.356439045925914,5.75176799892255,9.10782397697702
8.823627723,-7.18409191293603,-0.0751890459259137,5.48926723892254,9.04150899056393
8.833627723,-7.14659153293603,-0.000189235925914133,5.48926723892254,9.01142748929111
8.843627723,-7.16534076293603,-0.131439615925913,5.45176876892254,9.00450816710311
8.853627723,-7.05284153293603,-0.131439615925913,5.54551876892254,8.97288295241916
8.863627723,-6.94034038293603,-0.131439615925913,5.82676876892254,9.06293745372539
8.873627723,-6.79034076293603,0.0185609540740863,5.67676723892254,8.85069254186988
8.883627723,-6.77159153293603,-0.112689425925915,5.99551952892254,9.04507629693294
8.893627723,-7.05284153293603,-0.0564398059259137,5.52676952892254,8.96052122179436
8.903627723,-6.97784076293603,0.0373101940740863,5.71426952892254,9.01912024604652
8.913627723,-6.86534153293603,0.0748105740740854,5.78926647892254,8.98076373978438
8.923627723,-6.92159114293603,0.0185609540740863,5.88301647892254,9.08397772730981
8.933627723,-6.99659191293603,0.0748105740740854,5.86426723892254,9.12948658291666
8.943627723,-7.10909114293603,0.0935607640740859,5.56426799892255,9.02823398339781
8.953627723,-7.16534076293603,0.168560574074085,5.56426799892255,9.07367617231067
8.963627723,-7.12784038293603,0.412310194074086,5.30176723892254,8.89296598871622
8.973627723,-6.77159153293603,0.431060384074087,5.60176647892254,8.79886655359821
8.983627723,-6.79034076293603,0.187310764074086,5.54551876892254,8.76907015684108
8.993627723,-6.84659038293603,0.224810194074086,5.50801647892254,8.79002758966967
9.003627723,-6.73409114293603,0.224810194074086,5.39551723892254,8.63192501243143
9.013627723,-6.64034114293603,0.224810194074086,5.45176876892254,8.59455949003367
9.023627723,-6.67784153293603,0.337310384074087,5.60176647892254,8.72279390554367
9.033627723,-6.75284038293603,0.318560194074086,5.77051723892254,8.88826209330949
9.043627723,-6.64034114293603,0.299810954074086,5.77051723892254,8.80243638474338
9.053627723,-6.75284038293603,0.562310764074086,5.52676952892254,8.74426829749819
9.063627723,-6.75284038293603,0.731060574074085,5.60176647892254,8.80426547105194
9.073627723,-6.73409114293603,0.862310954074086,5.56426799892255,8.77796343502974
9.083627723,-7.14659153293603,1.06856019407409,5.47051799892255,9.06323113483972
9.093627723,-7.44659076293603,1.03106076407409,5.20801723892254,9.14539467987968
9.103627723,-7.39034114293603,1.01231057407409,4.96426952892254,8.96023921908026
9.113627723,-7.24034153293603,0.937310764074086,4.85176647892254,8.76588472135038
9.123627723,-7.33409153293603,0.749810764074086,5.02051723892254,8.91945671785697
9.133627723,-7.22159038293603,0.731060574074085,5.15176952892254,8.90092953016787
9.143627723,-7.27784191293603,0.731060574074085,4.94551647892254,8.82947142902384
9.153627723,-7.27784191293603,0.562310764074086,5.00176799892255,8.84877728390356
9.163627723,-6.90284191293603,0.431060384074087,5.15176952892254,8.62413872852468
9.173627723,-6.79034076293603,0.374810764074086,5.18926799892255,8.55439729906778
9.183627723,-6.80909191293603,0.393560954074086,5.41426647892254,8.70820902414307
9.193627723,-6.88409076293603,0.412310194074086,5.47051799892255,8.80268552800872
9.203627723,-6.64034114293603,0.487310954074086,5.47051799892255,8.6173180071914
9.213627723,-6.73409114293603,0.206060954074086,5.48926723892254,8.69036820039702
9.223627723,-6.60284076293603,0.149810384074087,5.62051952892254,8.67238081883318
9.233627723,-6.45284114293603,0.224810194074086,5.52676952892254,8.49911053376495
9.243627723,-6.49034153293603,0.281060764074086,5.45176876892254,8.4808791452924
9.253627723,-6.26534114293603,0.262310574074085,5.47051799892255,8.32165089697793
9.263627723,-6.28409038293603,0.449810574074085,5.35801876892254,8.27045867056865
9.273627723,-6.28409038293603,0.131060194074086,5.33926952892254,8.2471066331084
9.283627723,-6.52784191293603,0.262310574074085,5.02051723892254,8.23936406671497
9.293627723,-6.60284076293603,0.187310764074086,5.18926799892255,8.40006510853751
9.303627723,-6.58409153293603,0.168560574074085,5.32051647892254,8.46679216608619
9.313627723,-6.64034114293603,0.0373101940740863,5.43301952892254,8.57981490166335
9.323627723,-6.65909038293603,-0.168939045925914,5.54551876892254,8.66745657882528
9.333627723,-6.75284038293603,-0.0751890459259137,5.80801952892254,8.90727778158874
9.343627723,-6.54659114293603,-0.300189425925915,5.84551799892255,8.7816883319743
9.353627723,-6.62159191293603,0.168560574074085,5.78926647892254,8.79713012820478
9.363627723,-6.62159191293603,-0.0189394259259146,6.12676799892255,9.02125957258384
9.373627723,-6.65909038293603,0.0373101940740863,5.84551799892255,8.86086663111574
9.383627723,-6.60284076293603,0.0373101940740863,5.78926647892254,8.7814864661541
9.393627723,-6.56534038293603,0.224810194074086,5.80801952892254,8.76854177246798
9.403627723,-6.43409191293603,0.393560954074086,5.99551952892254,8.80333365210998
9.413627723,-6.60284076293603,0.149810384074087,5.90176952892254,8.85724747674946
9.423627723,-6.62159191293603,-0.0751890459259137,5.99551952892254,8.93293833381708
9.433627723,-6.56534038293603,-0.262689045925914,5.88301647892254,8.81944345012395
9.443627723,-6.47159038293603,-0.206439425925915,5.80801952892254,8.69811417316606
9.453627723,-6.50909076293603,-0.206439425925915,5.99551952892254,8.85195651923389
9.463627723,-6.62159191293603,-0.187689235925914,5.93926799892255,8.89694391764766
9.473627723,-6.69659076293603,-0.356439045925914,5.99551952892254,8.99542278391585
9.483627723,-6.65909038293603,-0.693939615925913,5.90176952892254,8.92501655411244
9.493627723,-6.43409191293603,-0.581439425925915,5.78926647892254,8.67474592792815
9.503627723,-6.56534038293603,-0.262689045925914,5.73301876892254,8.72010344453999
9.513627723,-6.39659153293603,-0.375189235925914,5.73301876892254,8.59794477807352
9.523627723,-6.43409191293603,-0.412689615925913,5.54551876892254,8.50415368391671
9.533627723,-6.24659191293603,-0.393939425925915,5.54551876892254,8.36228899372228
9.543627723,-6.22784076293603,-0.468939235925914,5.54551876892254,8.35216636519835
9.553627723,-6.28409038293603,-0.243939805925914,5.39551723892254,8.28618759414332
9.563627723,-6.39659153293603,0.0373101940740863,5.00176799892255,8.12006517245129
9.573627723,-6.45284114293603,-0.0376896159259132,5.03926647892254,8.18747738737085
9.583627723,-6.62159191293603,-0.243939805925914,4.92676723892254,8.25699833576921
9.593627723,-6.56534038293603,-0.187689235925914,5.13301647892254,8.33587306561127
9.603627723,-6.67784153293603,-0.356439045925914,5.09551799892255,8.40743242671683
9.613627723,-6.77159153293603,-0.356439045925914,5.07676876892254,8.47083713782167
9.623627723,-6.92159114293603,-0.281439235925914,5.05801952892254,8.5773651868421
9.633627723,-7.01534114293603,-0.543939045925914,5.18926799892255,8.74296193529946
9.643627723,-7.05284153293603,-0.543939045925914,5.48926723892254,8.95379797598195
9.653627723,-7.07159076293603,-0.450189045925914,5.56426799892255,9.00950300845432
9.663627723,-6.86534153293603,-0.168939045925914,5.56426799892255,8.83869521642919
9.673627723,-7.20284114293603,-0.300189425925915,5.32051647892254,8.95985099342037
9.683627723,-7.29659114293603,-0.375189235925914,5.50801647892254,9.14982266505802
9.693627723,-7.27784191293603,-0.262689045925914,5.39551723892254,9.06353102935319
9.703627723,-7.10909114293603,-0.356439045925914,5.39551723892254,8.93184370371215
9.713627723,-6.90284191293603,-0.168939045925914,5.15176952892254,8.61501573738316
9.723627723,-6.82784114293603,-0.262689045925914,5.07676876892254,8.51246153243154
9.733627723,-6.71534191293603,-0.337689805925914,5.13301647892254,8.45917901368401
9.743627723,-6.90284191293603,-0.431439805925914,4.81426799892255,8.42689403912102
9.753627723,-6.62159191293603,-0.131439615925913,5.11426723892254,8.36770489592045
9.763627723,-6.52784191293603,0.168560574074085,4.94551647892254,8.19141416061421
9.773627723,-6.56534038293603,0.0935607640740859,5.11426723892254,8.32275058808692
9.783627723,-6.54659114293603,0.0748105740740854,5.13301647892254,8.31933353025662
9.793627723,-6.69659076293603,0.0185609540740863,5.15176952892254,8.44898820181394
9.803627723,-6.69659076293603,-0.0376896159259132,5.35801876892254,8.5763694814015
9.813627723,-6.64034114293603,0.206060954074086,5.22676647892254,8.45314612653485
9.823627723,-6.41534076293603,0.299810954074086,5.52676952892254,8.47299623147551
9.833627723,-6.67784153293603,0.318560194074086,5.37676799892255,8.57931712028944
9.843627723,-6.49034153293603,0.168560574074085,5.69551647892254,8.63665756198339
9.853627723,-6.50909076293603,0.0748105740740854,5.56426799892255,8.56358205110256
9.863627723,-6.39659153293603,0.112310954074086,5.37676799892255,8.35695106506383
9.873627723,-6.43409191293603,0.168560574074085,5.17051876892254,8.2559200426737
9.883627723,-6.39659153293603,0.468560764074086,4.98301876892254,8.12197072638734
9.893627723,-6.54659114293603,0.168560574074085,4.87051952892254,8.16138644725983
9.903627723,-6.64034114293603,0.0935607640740859,4.79551876892254,8.19145190880295
9.913627723,-6.54659114293603,-0.0376896159259132,4.77676952892254,8.1041226071895
9.923627723,-6.32159076293603,0.206060954074086,4.72051799892255,7.89229124329455
9.933627723,-6.35909114293603,0.168560574074085,4.70176876892254,7.91031493606386
9.943627723,-6.37784038293603,0.149810384074087,4.96426952892254,8.08351798768178
9.953627723,-6.26534114293603,-0.000189235925914133,5.37676799892255,8.25615732574269
9.963627723,-6.34034191293603,-0.131439615925913,5.28301799892255,8.25393791608028
9.973627723,-6.20909153293603,-0.131439615925913,5.50801647892254,8.30110471980055
9.983627723,-6.11534153293603,-0.206439425925915,5.50801647892254,8.23275560387355
9.993627723,-6.13409076293603,-0.300189425925915,5.52676952892254,8.26210412698857
10.00362772,-6.39659153293603,-0.581439425925915,5.50801647892254,8.46124698713684
10.01362772,-6.47159038293603,-0.487689425925915,5.48926723892254,8.50008105143583
10.02362772,-6.47159038293603,-0.487689425925915,5.28301799892255,8.36836915041453
10.03362772,-6.47159038293603,-0.337689805925914,4.88926876892254,8.11791017345583
10.04362772,-6.49034153293603,-0.356439045925914,4.77676952892254,8.06654257659735
10.05362772,-6.49034153293603,-0.168939045925914,4.58926952892254,7.95075269546788
10.06362772,-6.67784153293603,-0.131439615925913,4.57051647892254,8.09323574324526
10.07362772,-6.52784191293603,-0.150189805925914,4.62676799892255,8.00264076002054
10.08362772,-6.60284076293603,-0.0939392359259141,4.28926647892254,7.87427061053559
10.09362772,-6.45284114293603,-0.112689425925915,4.27051723892254,7.73880967659873
10.10362772,-6.60284076293603,-0.0939392359259141,4.32676876892254,7.89476147204331
10.11362772,-6.65909038293603,0.168560574074085,4.23301876892254,7.89242328396633
10.12362772,-6.84659038293603,0.168560574074085,4.04551876892254,7.95427147189162
10.13362772,-7.14659153293603,-0.131439615925913,4.00801647892254,8.19483026099884
10.14362772,-6.95909153293603,-0.112689425925915,4.19551647892254,8.12674672888285
10.15362772,-7.25909076293603,-0.000189235925914133,4.02676952892254,8.30116085733872
10.16362772,-7.12784038293603,0.112310954074086,4.23301876892254,8.29078827211678
10.17362772,-7.18409191293603,0.337310384074087,4.23301876892254,8.34526229706218
10.18362772,-7.09034191293603,0.581060954074086,4.19551647892254,8.25911247045332
