"Time (s)","Magnetic Field x (µT)","Magnetic Field y (µT)","Magnetic Field z (µT)","Absolute field (µT)"
3.362772300E-2,-9.056250572E0,1.458750057E1,-6.285000229E1,6.515315522E1
4.362772300E-2,-9.318750381E0,1.441875076E1,-6.403125000E1,6.629283867E1
5.362772300E-2,-8.962500572E0,1.443750095E1,-6.420000458E1,6.641090602E1
6.362772300E-2,-9.150000572E0,1.443750095E1,-6.416250610E1,6.640023444E1
7.362772300E-2,-9.018750191E0,1.423125076E1,-6.405000305E1,6.622891547E1
8.362772300E-2,-8.943750381E0,1.411875057E1,-6.401250458E1,6.615837461E1
9.362772300E-2,-8.887500763E0,1.395000076E1,-6.397500229E1,6.607867363E1
1.036277230E-1,-8.962500572E0,1.391250038E1,-6.416250610E1,6.626244240E1
1.136277230E-1,-9.056250572E0,1.374375057E1,-6.427500153E1,6.634894253E1
1.236277230E-1,-8.906250000E0,1.366875076E1,-6.412500000E1,6.616775394E1
1.336277230E-1,-9.187500000E0,1.353750038E1,-6.406875610E1,6.612472746E1
1.436277230E-1,-9.037500381E0,1.346250057E1,-6.412500000E1,6.614326088E1
1.536277230E-1,-9.150000572E0,1.336875057E1,-6.420000458E1,6.621243531E1
1.636277230E-1,-9.206250191E0,1.320000076E1,-6.429375458E1,6.627731090E1
1.736277230E-1,-9.093750000E0,1.340625095E1,-6.433125305E1,6.633953552E1
1.836277230E-1,-8.775000572E0,1.348125076E1,-6.399375153E1,6.598442992E1
1.936277230E-1,-8.550000191E0,1.335000038E1,-6.375000381E1,6.569161286E1
2.036277230E-1,-8.493750572E0,1.335000038E1,-6.373125076E1,6.566611480E1
2.136277230E-1,-8.175000191E0,1.336875057E1,-6.371250153E1,6.561125643E1
2.236277230E-1,-8.250000000E0,1.335000038E1,-6.378750229E1,6.568965260E1
2.336277230E-1,-8.193750381E0,1.344375038E1,-6.369375229E1,6.561071597E1
2.436277230E-1,-8.137500763E0,1.351875019E1,-6.369375229E1,6.561912531E1
2.536277230E-1,-8.268750191E0,1.320000076E1,-6.354375076E1,6.542492270E1
2.636277230E-1,-8.475000381E0,1.305000019E1,-6.360000229E1,6.547586141E1
2.736277230E-1,-8.793750763E0,1.308750057E1,-6.367500305E1,6.559816108E1
2.836277230E-1,-9.037500381E0,1.303125095E1,-6.376875305E1,6.571106285E1
2.936277230E-1,-9.300000191E0,1.291875076E1,-6.384375381E1,6.579824485E1
3.036277230E-1,-9.525000572E0,1.288125038E1,-6.367500305E1,6.565941106E1
3.136277230E-1,-9.768750191E0,1.261875057E1,-6.373125076E1,6.569881026E1
3.236277230E-1,-9.618750572E0,1.263750076E1,-6.360000229E1,6.555293341E1
3.336277230E-1,-9.637500763E0,1.269375038E1,-6.361875153E1,6.558474110E1
3.436277230E-1,-9.450000763E0,1.290000057E1,-6.367500305E1,6.565225467E1
3.536277230E-1,-9.300000191E0,1.269375038E1,-6.391875076E1,6.582725880E1
3.636277230E-1,-9.168750763E0,1.252500057E1,-6.373125076E1,6.559431342E1
3.736277230E-1,-8.906250000E0,1.275000095E1,-6.363750076E1,6.551042144E1
3.836277230E-1,-8.587500572E0,1.276875019E1,-6.369375229E1,6.552617972E1
3.936277230E-1,-8.493750572E0,1.282500076E1,-6.397500229E1,6.579836899E1
4.036277230E-1,-8.662500381E0,1.291875076E1,-6.401250458E1,6.587513777E1
4.136277230E-1,-8.700000763E0,1.288125038E1,-6.393750381E1,6.579985577E1
4.236277230E-1,-9.037500381E0,1.275000095E1,-6.380625153E1,6.569228776E1
4.336277230E-1,-8.925000191E0,1.295625019E1,-6.375000381E1,6.566264565E1
4.436277230E-1,-9.093750000E0,1.323750019E1,-6.373125076E1,6.572366411E1
4.536277230E-1,-9.150000572E0,1.286250019E1,-6.356250381E1,6.549319287E1
4.636277230E-1,-9.112500191E0,1.260000038E1,-6.352500153E1,6.540048538E1
4.736277230E-1,-9.018750191E0,1.275000095E1,-6.343125153E1,6.532552372E1
4.836277230E-1,-9.131250381E0,1.275000095E1,-6.333750153E1,6.525014450E1
4.936277230E-1,-9.112500191E0,1.260000038E1,-6.367500305E1,6.554619503E1
5.036277230E-1,-8.868750572E0,1.252500057E1,-6.380625153E1,6.562597131E1
5.136277230E-1,-8.981250763E0,1.248750019E1,-6.380625153E1,6.563412420E1
5.236277230E-1,-8.550000191E0,1.243125057E1,-6.390000153E1,6.565705361E1
5.336277230E-1,-8.568750381E0,1.282500076E1,-6.401250458E1,6.584455080E1
5.436277230E-1,-8.756250381E0,1.303125095E1,-6.382500076E1,6.572759044E1
5.536277230E-1,-8.812500000E0,1.299375057E1,-6.367500305E1,6.558203812E1
5.636277230E-1,-8.756250381E0,1.291875076E1,-6.382500076E1,6.570537850E1
5.736277230E-1,-8.737500191E0,1.293750095E1,-6.365625381E1,6.554266923E1
5.836277230E-1,-8.981250763E0,1.305000019E1,-6.356250381E1,6.550692529E1
5.936277230E-1,-8.775000572E0,1.291875076E1,-6.356250381E1,6.545293460E1
6.036277230E-1,-9.112500191E0,1.273125076E1,-6.358125305E1,6.548051730E1
6.136277230E-1,-9.225000381E0,1.258125019E1,-6.375000381E1,6.563117761E1
6.236277230E-1,-8.868750572E0,1.256250095E1,-6.367500305E1,6.550555076E1
6.336277230E-1,-8.700000763E0,1.265625095E1,-6.375000381E1,6.557387962E1
6.436277230E-1,-8.568750381E0,1.273125076E1,-6.356250381E1,6.538883789E1
6.536277230E-1,-8.550000191E0,1.301250076E1,-6.345000076E1,6.533245959E1
6.636277230E-1,-8.306250572E0,1.299375057E1,-6.358125305E1,6.542482015E1
6.736277230E-1,-8.437500000E0,1.327500057E1,-6.360000229E1,6.551623721E1
6.836277230E-1,-8.231250763E0,1.346250057E1,-6.356250381E1,6.549186440E1
6.936277230E-1,-8.231250763E0,1.327500057E1,-6.333750153E1,6.523509967E1
7.036277230E-1,-8.362500191E0,1.321875095E1,-6.350625229E1,6.540421138E1
7.136277230E-1,-8.381250381E0,1.316250038E1,-6.337500381E1,6.526781659E1
7.236277230E-1,-8.325000763E0,1.305000019E1,-6.322500229E1,6.509231181E1
7.336277230E-1,-8.231250763E0,1.310625076E1,-6.341250229E1,6.527382894E1
7.436277230E-1,-8.550000191E0,1.297500038E1,-6.343125153E1,6.530678991E1
7.536277230E-1,-8.493750572E0,1.276875019E1,-6.333750153E1,6.516765977E1
7.636277230E-1,-8.718750000E0,1.256250095E1,-6.333750153E1,6.515728763E1
7.736277230E-1,-8.568750381E0,1.286250019E1,-6.341250229E1,6.526877386E1
7.836277230E-1,-8.625000000E0,1.273125076E1,-6.348750305E1,6.532333744E1
7.936277230E-1,-8.700000763E0,1.271250057E1,-6.343125153E1,6.527496729E1
8.036277230E-1,-8.756250381E0,1.282500076E1,-6.356250381E1,6.543198344E1
8.136277230E-1,-8.962500572E0,1.267500019E1,-6.352500153E1,6.539424948E1
8.236277230E-1,-8.700000763E0,1.291875076E1,-6.365625381E1,6.553398190E1
8.336277230E-1,-8.625000000E0,1.303125095E1,-6.373125076E1,6.561917746E1
8.436277230E-1,-8.418750763E0,1.312500095E1,-6.358125305E1,6.546538592E1
8.536277230E-1,-8.493750572E0,1.286250019E1,-6.358125305E1,6.542295812E1
8.636277230E-1,-8.456250191E0,1.336875057E1,-6.348750305E1,6.542854654E1
8.736277230E-1,-8.362500191E0,1.342500019E1,-6.350625229E1,6.544620783E1
8.836277230E-1,-8.137500763E0,1.331250095E1,-6.352500153E1,6.541305236E1
8.936277230E-1,-8.006250381E0,1.336875057E1,-6.322500229E1,6.511700585E1
9.036277230E-1,-7.968750477E0,1.303125095E1,-6.311250305E1,6.493460192E1
9.136277230E-1,-8.193750381E0,1.291875076E1,-6.316875076E1,6.499479010E1
9.236277230E-1,-8.362500191E0,1.291875076E1,-6.328125381E1,6.512559109E1
9.336277230E-1,-8.306250572E0,1.303125095E1,-6.311250305E1,6.497688313E1
9.436277230E-1,-8.343750000E0,1.260000038E1,-6.331875229E1,6.509717786E1
9.536277230E-1,-8.306250572E0,1.246875095E1,-6.318750381E1,6.493938857E1
9.636277230E-1,-8.531250000E0,1.237500095E1,-6.337500381E1,6.513304832E1
9.736277230E-1,-8.662500381E0,1.246875095E1,-6.358125305E1,6.536883357E1
9.836277230E-1,-8.643750191E0,1.276875019E1,-6.358125305E1,6.542423969E1
9.936277230E-1,-8.550000191E0,1.301250076E1,-6.360000229E1,6.547814880E1
1.003627723E0,-8.362500191E0,1.293750095E1,-6.371250153E1,6.554840342E1
1.013627723E0,-8.156250000E0,1.293750095E1,-6.378750229E1,6.559534125E1
1.023627723E0,-8.118750572E0,1.305000019E1,-6.378750229E1,6.561297177E1
1.033627723E0,-8.118750572E0,1.335000038E1,-6.410625458E1,6.598294095E1
1.043627723E0,-8.006250381E0,1.353750038E1,-6.380625153E1,6.571606878E1
1.053627723E0,-7.837500095E0,1.355625057E1,-6.388125229E1,6.577243139E1
1.063627723E0,-7.706250191E0,1.335000038E1,-6.365625381E1,6.549601096E1
1.073627723E0,-7.612500191E0,1.321875095E1,-6.352500153E1,6.533078413E1
1.083627723E0,-7.650000095E0,1.321875095E1,-6.339375305E1,6.520755941E1
1.093627723E0,-7.837500095E0,1.327500057E1,-6.343125153E1,6.527768162E1
1.103627723E0,-7.912500381E0,1.331250095E1,-6.318750381E1,6.505759742E1
1.113627723E0,-8.043750763E0,1.331250095E1,-6.311250305E1,6.500086653E1
1.123627723E0,-8.175000191E0,1.325625038E1,-6.335625076E1,6.524241958E1
1.133627723E0,-8.212500572E0,1.320000076E1,-6.322500229E1,6.510826445E1
1.143627723E0,-8.343750000E0,1.321875095E1,-6.341250229E1,6.531078768E1
1.153627723E0,-8.437500000E0,1.329375076E1,-6.348750305E1,6.541084206E1
1.163627723E0,-8.418750763E0,1.340625095E1,-6.360000229E1,6.554054638E1
1.173627723E0,-8.418750763E0,1.327500057E1,-6.375000381E1,6.565945470E1
1.183627723E0,-8.231250763E0,1.327500057E1,-6.384375381E1,6.572673756E1
1.193627723E0,-7.987500191E0,1.316250038E1,-6.393750381E1,6.576515772E1
1.203627723E0,-8.006250381E0,1.327500057E1,-6.384375381E1,6.569893901E1
1.213627723E0,-7.968750477E0,1.306875038E1,-6.399375153E1,6.579888643E1
1.223627723E0,-7.875000477E0,1.333125019E1,-6.386250305E1,6.571268645E1
1.233627723E0,-7.856250286E0,1.316250038E1,-6.391875076E1,6.573110971E1
1.243627723E0,-7.631250381E0,1.318125057E1,-6.371250153E1,6.550774153E1
1.253627723E0,-7.612500191E0,1.351875019E1,-6.373125076E1,6.559252312E1
1.263627723E0,-7.800000191E0,1.361250019E1,-6.378750229E1,6.568855009E1
1.273627723E0,-7.968750477E0,1.355625057E1,-6.358125305E1,6.549693621E1
1.283627723E0,-7.668750286E0,1.357500076E1,-6.361875153E1,6.550141924E1
1.293627723E0,-7.650000095E0,1.376250076E1,-6.365625381E1,6.557474802E1
1.303627723E0,-7.818750381E0,1.342500019E1,-6.361875153E1,6.548823584E1
1.313627723E0,-7.706250191E0,1.363125038E1,-6.335625076E1,6.526263701E1
1.323627723E0,-7.743750095E0,1.374375057E1,-6.335625076E1,6.529066439E1
1.333627723E0,-7.537500381E0,1.355625057E1,-6.316875076E1,6.504519133E1
1.343627723E0,-7.500000477E0,1.344375038E1,-6.309375381E1,6.494463952E1
1.353627723E0,-7.368750095E0,1.329375076E1,-6.288750076E1,6.469822285E1
1.363627723E0,-7.575000286E0,1.321875095E1,-6.290625381E1,6.472490073E1
1.373627723E0,-7.575000286E0,1.314375019E1,-6.303750229E1,6.483722305E1
1.383627723E0,-7.612500191E0,1.329375076E1,-6.326250076E1,6.509084399E1
1.393627723E0,-7.612500191E0,1.340625095E1,-6.350625229E1,6.535075978E1
1.403627723E0,-7.950000286E0,1.331250095E1,-6.375000381E1,6.560859831E1
1.413627723E0,-8.362500191E0,1.318125057E1,-6.365625381E1,6.554231782E1
1.423627723E0,-8.343750000E0,1.335000038E1,-6.373125076E1,6.564688110E1
1.433627723E0,-8.475000381E0,1.335000038E1,-6.406875610E1,6.599131496E1
1.443627723E0,-8.606250763E0,1.327500057E1,-6.414375305E1,6.606598405E1
1.453627723E0,-8.606250763E0,1.338750076E1,-6.401250458E1,6.596130283E1
1.463627723E0,-8.625000000E0,1.335000038E1,-6.388125229E1,6.582877433E1
1.473627723E0,-8.737500191E0,1.320000076E1,-6.386250305E1,6.579516111E1
1.483627723E0,-7.781250477E0,1.425000095E1,-6.450000000E1,6.651210706E1
1.493627723E0,-2.850000143E0,4.297500229E1,-6.626250458E1,7.902969591E1
1.503627723E0,-1.312500089E-1,1.011937561E2,-6.871875000E1,1.223211351E2
1.513627723E0,1.406250000E0,1.739812622E2,-7.216875458E1,1.883607875E2
1.523627723E0,2.568750143E0,2.518875122E2,-7.599375153E1,2.631139821E2
1.533627723E0,3.337500095E0,3.318187561E2,-8.002500153E1,3.413485413E2
1.543627723E0,4.181250095E0,4.125750122E2,-8.420625305E1,4.211013139E2
1.553627723E0,4.893750191E0,4.933125305E2,-8.820000458E1,5.011590989E2
1.563627723E0,4.631250381E0,5.729812622E2,-9.112500000E1,5.802006041E2
1.573627723E0,4.312500060E-1,6.250500488E2,-9.337500000E1,6.319862658E2
1.583627723E0,-1.893750072E0,6.475500488E2,-9.478125000E1,6.544525478E2
1.593627723E0,-3.206250191E0,6.555000000E2,-9.515625000E1,6.623784733E2
1.603627723E0,-3.900000095E0,6.584625244E2,-9.513750458E1,6.653113939E2
1.613627723E0,-4.462500095E0,6.591187744E2,-9.481875610E1,6.659189659E2
1.623627723E0,-5.156250000E0,6.590625000E2,-9.440625000E1,6.658096619E2
1.633627723E0,-5.606250286E0,6.589312744E2,-9.408750153E1,6.656382744E2
1.643627723E0,-5.925000191E0,6.590250244E2,-9.405000305E1,6.657285419E2
1.653627723E0,-6.243750095E0,6.588750000E2,-9.380625153E1,6.655485428E2
1.663627723E0,-6.506250381E0,6.588000488E2,-9.361875153E1,6.654504537E2
1.673627723E0,-6.337500095E0,6.589125366E2,-9.322500610E1,6.655049185E2
1.683627723E0,-6.525000095E0,6.586500244E2,-9.300000000E1,6.652153263E2
1.693627723E0,-6.675000191E0,6.586687622E2,-9.266250610E1,6.651882696E2
1.703627723E0,-6.806250095E0,6.584625244E2,-9.245625305E1,6.649566751E2
1.713627723E0,-6.975000381E0,6.585937500E2,-9.236250305E1,6.650753417E2
1.723627723E0,-7.425000191E0,6.583875122E2,-9.226875305E1,6.648629706E2
1.733627723E0,-7.612500191E0,6.583687744E2,-9.226875305E1,6.648465357E2
1.743627723E0,-7.818750381E0,6.582750244E2,-9.223125458E1,6.647508894E2
1.753627723E0,-8.081250191E0,6.582562866E2,-9.225000000E1,6.647380747E2
1.763627723E0,-8.493750572E0,6.582937622E2,-9.230625153E1,6.647881356E2
1.773627723E0,-8.606250763E0,6.582750244E2,-9.240000153E1,6.647840519E2
1.783627723E0,-8.606250763E0,6.583312988E2,-9.243750000E1,6.648449879E2
1.793627723E0,-8.568750381E0,6.581250000E2,-9.243750000E1,6.646402264E2
1.803627723E0,-8.681250572E0,6.580687866E2,-9.243750000E1,6.645860241E2
1.813627723E0,-8.887500763E0,6.580500488E2,-9.232500458E1,6.645545583E2
1.823627723E0,-8.906250000E0,6.580687866E2,-9.211875153E1,6.645447416E2
1.833627723E0,-9.150000572E0,6.579750366E2,-9.183750153E1,6.644162837E2
1.843627723E0,-9.056250572E0,6.580875244E2,-9.178125000E1,6.645186253E2
1.853627723E0,-9.037500381E0,6.581625366E2,-9.181875610E1,6.645978370E2
1.863627723E0,-9.000000000E0,6.584812622E2,-9.166875458E1,6.648922719E2
1.873627723E0,-9.112500191E0,6.585750122E2,-9.155625153E1,6.649711509E2
1.883627723E0,-8.943750381E0,6.584812622E2,-9.112500000E1,6.648167635E2
1.893627723E0,-9.037500381E0,6.584437866E2,-9.112500000E1,6.647809129E2
1.903627723E0,-8.981250763E0,6.583687744E2,-9.106875610E1,6.646981453E2
1.913627723E0,-8.793750763E0,6.584437866E2,-9.114375305E1,6.647802147E2
1.923627723E0,-8.756250381E0,6.581437988E2,-9.080625153E1,6.644363831E2
1.933627723E0,-8.887500763E0,6.577875366E2,-9.078750610E1,6.640826773E2
1.943627723E0,-9.168750763E0,6.575625000E2,-9.080625153E1,6.638661633E2
1.953627723E0,-9.093750000E0,6.574312744E2,-9.056250000E1,6.637018482E2
1.963627723E0,-9.168750763E0,6.574125366E2,-9.075000000E1,6.637099305E2
1.973627723E0,-9.000000000E0,6.575062866E2,-9.052500153E1,6.637697589E2
1.983627723E0,-9.225000381E0,6.572625122E2,-9.052500153E1,6.635313757E2
1.993627723E0,-9.337500572E0,6.570750122E2,-9.043125153E1,6.633344344E2
2.003627723E0,-9.600000381E0,6.572250366E2,-9.080625153E1,6.635380050E2
2.013627723E0,-9.506250381E0,6.573375244E2,-9.069375610E1,6.636326900E2
2.023627723E0,-9.487500191E0,6.571125488E2,-9.061875153E1,6.633993312E2
2.033627723E0,-9.637500763E0,6.569250488E2,-9.073125458E1,6.632311526E2
2.043627723E0,-9.675000191E0,6.569625244E2,-9.069375610E1,6.632636893E2
2.053627723E0,-9.937500000E0,6.567562866E2,-9.078750610E1,6.630761232E2
2.063627723E0,-9.993750572E0,6.569625244E2,-9.073125458E1,6.632735439E2
2.073627723E0,-1.023750019E1,6.569062500E2,-9.090000153E1,6.632446291E2
2.083627723E0,-1.021875000E1,6.569062500E2,-9.065625000E1,6.632109768E2
2.093627723E0,-1.044375038E1,6.571312866E2,-9.084375000E1,6.634630259E2
2.103627723E0,-1.040625000E1,6.573562622E2,-9.097500610E1,6.637032449E2
2.113627723E0,-1.048125076E1,6.575250244E2,-9.086250305E1,6.638561658E2
2.123627723E0,-1.053750038E1,6.575625000E2,-9.086250305E1,6.638941744E2
2.133627723E0,-1.033125019E1,6.577125244E2,-9.095625305E1,6.640523620E2
2.143627723E0,-1.033125019E1,6.575625000E2,-9.097500610E1,6.639063397E2
2.153627723E0,-1.031250000E1,6.578812866E2,-9.093750000E1,6.642166543E2
2.163627723E0,-1.010625076E1,6.579375000E2,-9.086250305E1,6.642588988E2
2.173627723E0,-1.006875038E1,6.578062744E2,-9.022500610E1,6.640414340E2
2.183627723E0,-1.010625076E1,6.576187744E2,-8.988750458E1,6.638104792E2
2.193627723E0,-9.881250381E0,6.576562500E2,-8.986875153E1,6.638416790E2
2.203627723E0,-9.975000381E0,6.576000366E2,-9.005625153E1,6.638128029E2
2.213627723E0,-1.018125057E1,6.576750488E2,-8.986875153E1,6.638648358E2
2.223627723E0,-1.021875000E1,6.578625488E2,-8.977500153E1,6.640384830E2
2.233627723E0,-1.001250076E1,6.576562500E2,-8.953125000E1,6.637980401E2
2.243627723E0,-9.956250191E0,6.578062744E2,-8.934375000E1,6.639205730E2
2.253627723E0,-9.843750000E0,6.577687988E2,-8.960625458E1,6.639171432E2
2.263627723E0,-1.010625076E1,6.576562500E2,-8.983125305E1,6.638399909E2
2.273627723E0,-1.059375000E1,6.574125366E2,-8.998125458E1,6.636264740E2
2.283627723E0,-1.050000000E1,6.575062866E2,-8.983125305E1,6.636975373E2
2.293627723E0,-1.042500019E1,6.573000488E2,-8.986875153E1,6.634971193E2
2.303627723E0,-1.051875019E1,6.572625122E2,-8.986875153E1,6.634614130E2
2.313627723E0,-1.080000019E1,6.571312866E2,-9.005625153E1,6.633613618E2
2.323627723E0,-1.113750076E1,6.567562866E2,-9.016875458E1,6.630107603E2
2.333627723E0,-1.132500076E1,6.567562866E2,-9.039375305E1,6.630445734E2
2.343627723E0,-1.117500019E1,6.568312988E2,-9.026250458E1,6.630984508E2
2.353627723E0,-1.119375038E1,6.569250488E2,-9.058125305E1,6.632350890E2
2.363627723E0,-1.123125076E1,6.569812622E2,-9.050625610E1,6.632811638E2
2.373627723E0,-1.128750038E1,6.570562744E2,-9.041250610E1,6.633436339E2
2.383627723E0,-1.123125076E1,6.569812622E2,-9.043125153E1,6.632709334E2
2.393627723E0,-1.110000038E1,6.572437744E2,-9.033750153E1,6.635159781E2
2.403627723E0,-1.089375019E1,6.571687622E2,-9.016875458E1,6.634152999E2
2.413627723E0,-1.080000019E1,6.571312866E2,-8.996250153E1,6.633486410E2
2.423627723E0,-1.085625076E1,6.573562622E2,-9.001875305E1,6.635800551E2
2.433627723E0,-1.063125038E1,6.574687500E2,-8.955000305E1,6.636244297E2
2.443627723E0,-1.065000057E1,6.575250244E2,-8.958750153E1,6.636855435E2
2.453627723E0,-1.076250076E1,6.574687500E2,-8.968125153E1,6.636442688E2
2.463627723E0,-1.072500038E1,6.576000366E2,-8.962500000E1,6.637661293E2
2.473627723E0,-1.076250076E1,6.575625000E2,-8.971875000E1,6.637422142E2
2.483627723E0,-1.102500057E1,6.578250122E2,-8.981250000E1,6.640192636E2
2.493627723E0,-1.110000038E1,6.579937744E2,-8.992500305E1,6.642029233E2
2.503627723E0,-1.098750019E1,6.577125244E2,-8.985000610E1,6.639122785E2
2.513627723E0,-1.100625038E1,6.575437622E2,-8.986875153E1,6.637479411E2
2.523627723E0,-1.121250057E1,6.572812500E2,-8.968125153E1,6.634659665E2
2.533627723E0,-1.136250019E1,6.572625122E2,-8.960625458E1,6.634398219E2
2.543627723E0,-1.140000057E1,6.570750122E2,-8.977500153E1,6.632775306E2
2.553627723E0,-1.145625019E1,6.569437866E2,-8.968125153E1,6.631358166E2
2.563627723E0,-1.126875019E1,6.567750244E2,-8.960625458E1,6.629552762E2
2.573627723E0,-1.141875076E1,6.564937744E2,-8.934375000E1,6.626437726E2
2.583627723E0,-1.149375057E1,6.565500488E2,-8.930625153E1,6.626957669E2
2.593627723E0,-1.155000019E1,6.567375488E2,-8.934375000E1,6.628875593E2
2.603627723E0,-1.147500038E1,6.566437988E2,-8.936250305E1,6.627959046E2
2.613627723E0,-1.121250057E1,6.566250000E2,-8.934375000E1,6.627702592E2
2.623627723E0,-1.140000057E1,6.567562866E2,-8.934375000E1,6.629035267E2
2.633627723E0,-1.140000057E1,6.567937622E2,-8.945625305E1,6.629558261E2
2.643627723E0,-1.126875019E1,6.568687744E2,-8.928750610E1,6.630051510E2
2.653627723E0,-1.128750038E1,6.570937500E2,-8.951250458E1,6.632586919E2
2.663627723E0,-1.145625019E1,6.570187988E2,-8.981250000E1,6.632278891E2
2.673627723E0,-1.140000057E1,6.567562866E2,-8.971875000E1,6.629541720E2
2.683627723E0,-1.115625000E1,6.569250488E2,-8.983125305E1,6.631324421E2
2.693627723E0,-1.098750019E1,6.568500366E2,-8.958750153E1,6.630223346E2
2.703627723E0,-1.072500038E1,6.569250488E2,-8.943750000E1,6.630721015E2
2.713627723E0,-1.072500038E1,6.567000122E2,-8.925000000E1,6.628238787E2
2.723627723E0,-1.087500000E1,6.566625366E2,-8.921250153E1,6.627841451E2
2.733627723E0,-1.083750057E1,6.567000122E2,-8.913750458E1,6.628105704E2
2.743627723E0,-1.065000057E1,6.567937622E2,-8.900625610E1,6.628827817E2
2.753627723E0,-1.068750000E1,6.569437866E2,-8.900625610E1,6.630320317E2
2.763627723E0,-1.095000076E1,6.568875122E2,-8.906250000E1,6.629881108E2
2.773627723E0,-1.104375076E1,6.571125488E2,-8.917500305E1,6.632277493E2
2.783627723E0,-1.132500076E1,6.568875122E2,-8.910000610E1,6.629994498E2
2.793627723E0,-1.153125000E1,6.571125488E2,-8.926875305E1,6.632486576E2
2.803627723E0,-1.162500000E1,6.572625122E2,-8.949375153E1,6.634291840E2
2.813627723E0,-1.153125000E1,6.571500244E2,-8.962500000E1,6.633338262E2
2.823627723E0,-1.166250038E1,6.572062988E2,-8.958750153E1,6.633868054E2
2.833627723E0,-1.164375019E1,6.572062988E2,-8.973750305E1,6.634067497E2
2.843627723E0,-1.158750057E1,6.571875000E2,-8.966250610E1,6.633770009E2
2.853627723E0,-1.162500000E1,6.569625244E2,-8.956875610E1,6.631421124E2
2.863627723E0,-1.147500038E1,6.571500244E2,-8.951250458E1,6.633176605E2
2.873627723E0,-1.136250019E1,6.570187988E2,-8.921250153E1,6.631452924E2
2.883627723E0,-1.147500038E1,6.569437866E2,-8.932500458E1,6.630880566E2
2.893627723E0,-1.166250038E1,6.569812622E2,-8.923125458E1,6.631158342E2
2.903627723E0,-1.156875038E1,6.569437866E2,-8.911875153E1,6.630619327E2
2.913627723E0,-1.141875076E1,6.569625244E2,-8.874375153E1,6.630276011E2
2.923627723E0,-1.155000019E1,6.568312988E2,-8.885625458E1,6.629149203E2
2.933627723E0,-1.158750057E1,6.570562744E2,-8.896875000E1,6.631535692E2
2.943627723E0,-1.140000057E1,6.570937500E2,-8.900625610E1,6.631924833E2
2.953627723E0,-1.132500076E1,6.569250488E2,-8.902500153E1,6.630265653E2
2.963627723E0,-1.117500019E1,6.569250488E2,-8.881875610E1,6.629963588E2
2.973627723E0,-1.098750019E1,6.569437866E2,-8.868750000E1,6.629942206E2
2.983627723E0,-1.106250000E1,6.569812622E2,-8.872500610E1,6.630376192E2
2.993627723E0,-1.149375057E1,6.567937622E2,-8.895000458E1,6.628893239E2
3.003627723E0,-1.126875019E1,6.568687744E2,-8.870625305E1,6.629271233E2
3.013627723E0,-1.104375076E1,6.569812622E2,-8.906250000E1,6.630825531E2
3.023627723E0,-1.093125057E1,6.569625244E2,-8.917500305E1,6.630772443E2
3.033627723E0,-1.111875057E1,6.572625122E2,-8.938125610E1,6.634053403E2
3.043627723E0,-1.141875076E1,6.572250366E2,-8.960625458E1,6.634036610E2
3.053627723E0,-1.158750057E1,6.570562744E2,-8.981250000E1,6.632672938E2
3.063627723E0,-1.145625019E1,6.569062500E2,-8.962500000E1,6.630910251E2
3.073627723E0,-1.132500076E1,6.572062988E2,-8.988750458E1,6.634215389E2
3.083627723E0,-1.141875076E1,6.572812500E2,-8.992500305E1,6.635024760E2
3.093627723E0,-1.175625038E1,6.570375366E2,-8.975625610E1,6.632440874E2
3.103627723E0,-1.213125038E1,6.568312988E2,-8.941875458E1,6.630009321E2
3.113627723E0,-1.188750076E1,6.568500366E2,-8.913750458E1,6.629772078E2
3.123627723E0,-1.177500057E1,6.567937622E2,-8.881875610E1,6.628766613E2
3.133627723E0,-1.158750057E1,6.568875122E2,-8.874375153E1,6.629562032E2
3.143627723E0,-1.168125057E1,6.568875122E2,-8.876250458E1,6.629603589E2
3.153627723E0,-1.160625076E1,6.569062500E2,-8.844375610E1,6.629350076E2
3.163627723E0,-1.162500000E1,6.570000000E2,-8.851875305E1,6.630382419E2
3.173627723E0,-1.158750057E1,6.571312866E2,-8.848125458E1,6.631626727E2
3.183627723E0,-1.143750000E1,6.573562622E2,-8.851875305E1,6.633880022E2
3.193627723E0,-1.145625019E1,6.571312866E2,-8.870625305E1,6.631904499E2
3.203627723E0,-1.149375057E1,6.571312866E2,-8.891250610E1,6.632187180E2
3.213627723E0,-1.173750019E1,6.571875000E2,-8.902500153E1,6.632937735E2
3.223627723E0,-1.158750057E1,6.573750000E2,-8.900625610E1,6.634743962E2
3.233627723E0,-1.166250038E1,6.570562744E2,-8.895000458E1,6.631523694E2
3.243627723E0,-1.136250019E1,6.570937500E2,-8.863125610E1,6.631416155E2
3.253627723E0,-1.134375000E1,6.569437866E2,-8.842500305E1,6.629651579E2
3.263627723E0,-1.147500038E1,6.566812744E2,-8.848125458E1,6.627147985E2
3.273627723E0,-1.145625019E1,6.569250488E2,-8.840625000E1,6.629460238E2
3.283627723E0,-1.115625000E1,6.568312988E2,-8.825625610E1,6.628280198E2
3.293627723E0,-1.089375019E1,6.567750244E2,-8.803125000E1,6.627379629E2
3.303627723E0,-1.100625038E1,6.567000122E2,-8.816250610E1,6.626829340E2
3.313627723E0,-1.123125076E1,6.568125000E2,-8.844375610E1,6.628356502E2
3.323627723E0,-1.140000057E1,6.567187500E2,-8.865000153E1,6.627731885E2
3.333627723E0,-1.143750000E1,6.568125000E2,-8.885625458E1,6.628943434E2
3.343627723E0,-1.134375000E1,6.568875122E2,-8.893125153E1,6.629771126E2
3.353627723E0,-1.149375057E1,6.568125000E2,-8.902500153E1,6.629179567E2
3.363627723E0,-1.170000076E1,6.566625366E2,-8.904375458E1,6.627755029E2
3.373627723E0,-1.192500019E1,6.566625366E2,-8.926875305E1,6.628097788E2
3.383627723E0,-1.201875019E1,6.564937744E2,-8.917500305E1,6.626316529E2
3.393627723E0,-1.201875019E1,6.564562988E2,-8.917500305E1,6.625945244E2
3.403627723E0,-1.205625057E1,6.563250122E2,-8.910000610E1,6.624550444E2
3.413627723E0,-1.213125038E1,6.562687988E2,-8.904375458E1,6.623931565E2
3.423627723E0,-1.211250019E1,6.564375000E2,-8.940000153E1,6.626079266E2
3.433627723E0,-1.218750095E1,6.565875244E2,-8.945625305E1,6.627655193E2
3.443627723E0,-1.237500095E1,6.567562866E2,-8.981250000E1,6.629843481E2
3.453627723E0,-1.248750019E1,6.567750244E2,-8.951250458E1,6.629644476E2
3.463627723E0,-1.245000076E1,6.568312988E2,-8.953125000E1,6.630220225E2
3.473627723E0,-1.218750095E1,6.568687744E2,-8.928750610E1,6.630214029E2
3.483627723E0,-1.239375019E1,6.570000000E2,-8.949375153E1,6.631830340E2
3.493627723E0,-1.233750057E1,6.570000000E2,-8.943750000E1,6.631743966E2
3.503627723E0,-1.239375019E1,6.570187988E2,-8.913750458E1,6.631536789E2
3.513627723E0,-1.252500057E1,6.567750244E2,-8.893125153E1,6.628869254E2
3.523627723E0,-1.222500038E1,6.568687744E2,-8.870625305E1,6.629440676E2
3.533627723E0,-1.201875019E1,6.568687744E2,-8.898750305E1,6.629779882E2
3.543627723E0,-1.196250057E1,6.571500244E2,-8.919375610E1,6.632833347E2
3.553627723E0,-1.220625019E1,6.572437744E2,-8.951250458E1,6.634235902E2
3.563627723E0,-1.218750095E1,6.571312866E2,-8.932500458E1,6.632865289E2
3.573627723E0,-1.215000057E1,6.571312866E2,-8.940000153E1,6.632959450E2
3.583627723E0,-1.222500038E1,6.569437866E2,-8.930625153E1,6.630989338E2
3.593627723E0,-1.203750038E1,6.569437866E2,-8.943750000E1,6.631131929E2
3.603627723E0,-1.211250019E1,6.570937500E2,-8.926875305E1,6.632403932E2
3.613627723E0,-1.218750095E1,6.571875000E2,-8.910000610E1,6.633119601E2
3.623627723E0,-1.222500038E1,6.567750244E2,-8.872500610E1,6.628536867E2
3.633627723E0,-1.205625057E1,6.566812744E2,-8.833125305E1,6.627051076E2
3.643627723E0,-1.173750019E1,6.566250000E2,-8.806875610E1,6.626086819E2
3.653627723E0,-1.164375019E1,6.567937622E2,-8.808750153E1,6.627767580E2
3.663627723E0,-1.164375019E1,6.569625244E2,-8.808750153E1,6.629439971E2
3.673627723E0,-1.171875000E1,6.569250488E2,-8.812500000E1,6.629131651E2
3.683627723E0,-1.181250000E1,6.566812744E2,-8.808750153E1,6.626682724E2
3.693627723E0,-1.155000019E1,6.566437988E2,-8.788125610E1,6.625991218E2
3.703627723E0,-1.156875038E1,6.568687744E2,-8.805000305E1,6.628447977E2
3.713627723E0,-1.151250076E1,6.567562866E2,-8.805000305E1,6.627323447E2
3.723627723E0,-1.186875057E1,6.570562744E2,-8.842500305E1,6.630858136E2
3.733627723E0,-1.230000019E1,6.569437866E2,-8.833125305E1,6.629697120E2
3.743627723E0,-1.231875038E1,6.569625244E2,-8.851875305E1,6.630136347E2
3.753627723E0,-1.215000057E1,6.571312866E2,-8.831250000E1,6.631502454E2
3.763627723E0,-1.203750038E1,6.573375244E2,-8.844375610E1,6.633700479E2
3.773627723E0,-1.228125095E1,6.573375244E2,-8.865000153E1,6.634020447E2
3.783627723E0,-1.211250019E1,6.574312744E2,-8.850000000E1,6.634718104E2
3.793627723E0,-1.205625057E1,6.576750488E2,-8.835000610E1,6.636923584E2
3.803627723E0,-1.209375095E1,6.576000366E2,-8.823750305E1,6.636037401E2
3.813627723E0,-1.179375076E1,6.575625000E2,-8.825625610E1,6.635636373E2
3.823627723E0,-1.181250000E1,6.574687500E2,-8.814375305E1,6.634561128E2
3.833627723E0,-1.194375038E1,6.576375122E2,-8.827500153E1,6.636431470E2
3.843627723E0,-1.186875057E1,6.574125366E2,-8.831250000E1,6.634238526E2
3.853627723E0,-1.185000038E1,6.573562622E2,-8.825625610E1,6.633602677E2
3.863627723E0,-1.200000000E1,6.571125488E2,-8.835000610E1,6.631339423E2
3.873627723E0,-1.218750095E1,6.568687744E2,-8.842500305E1,6.629058026E2
3.883627723E0,-1.185000038E1,6.567187500E2,-8.829375458E1,6.627335258E2
3.893627723E0,-1.188750076E1,6.566625366E2,-8.814375305E1,6.626585251E2
3.903627723E0,-1.168125057E1,6.567187500E2,-8.799375153E1,6.626906281E2
3.913627723E0,-1.145625019E1,6.564750366E2,-8.776875305E1,6.624153330E2
3.923627723E0,-1.153125000E1,6.564375000E2,-8.778750610E1,6.623819196E2
3.933627723E0,-1.151250076E1,6.562500000E2,-8.771250153E1,6.621858373E2
3.943627723E0,-1.155000019E1,6.564375000E2,-8.767500305E1,6.623673453E2
3.953627723E0,-1.149375057E1,6.565312500E2,-8.784375000E1,6.624816322E2
3.963627723E0,-1.156875038E1,6.566062622E2,-8.786250305E1,6.625597626E2
3.973627723E0,-1.151250076E1,6.566437988E2,-8.808750153E1,6.626258553E2
3.983627723E0,-1.155000019E1,6.566437988E2,-8.799375153E1,6.626140516E2
3.993627723E0,-1.183125019E1,6.567000122E2,-8.812500000E1,6.626921609E2
4.003627723E0,-1.200000000E1,6.569250488E2,-8.810625458E1,6.629157050E2
4.013627723E0,-1.201875019E1,6.572062988E2,-8.810625458E1,6.631947540E2
4.023627723E0,-1.213125038E1,6.571500244E2,-8.821875000E1,6.631559920E2
4.033627723E0,-1.201875019E1,6.571125488E2,-8.806875610E1,6.630968692E2
4.043627723E0,-1.201875019E1,6.570937500E2,-8.823750305E1,6.631006738E2
4.053627723E0,-1.201875019E1,6.572062988E2,-8.823750305E1,6.632122032E2
4.063627723E0,-1.207500076E1,6.574500122E2,-8.842500305E1,6.634796948E2
4.073627723E0,-1.200000000E1,6.575625000E2,-8.848125458E1,6.635972979E2
4.083627723E0,-1.200000000E1,6.574312744E2,-8.859375000E1,6.634822779E2
4.093627723E0,-1.220625019E1,6.573187866E2,-8.885625458E1,6.634096877E2
4.103627723E0,-1.207500076E1,6.573375244E2,-8.866875458E1,6.634007648E2
4.113627723E0,-1.224375057E1,6.574312744E2,-8.891250610E1,6.635293692E2
4.123627723E0,-1.230000019E1,6.576187744E2,-8.919375610E1,6.637539217E2
4.133627723E0,-1.243125057E1,6.574125366E2,-8.917500305E1,6.635495162E2
4.143627723E0,-1.254375076E1,6.571125488E2,-8.913750458E1,6.632493816E2
4.153627723E0,-1.282500076E1,6.569812622E2,-8.932500458E1,6.631499197E2
4.163627723E0,-1.291875076E1,6.569437866E2,-8.928750610E1,6.631095623E2
4.173627723E0,-1.284375095E1,6.572250366E2,-8.917500305E1,6.633716092E2
4.183627723E0,-1.293750095E1,6.572062988E2,-8.945625305E1,6.633927339E2
4.193627723E0,-1.316250038E1,6.574875488E2,-8.973750305E1,6.637137544E2
4.203627723E0,-1.333125019E1,6.573937988E2,-8.977500153E1,6.636293241E2
4.213627723E0,-1.329375076E1,6.573375244E2,-8.962500000E1,6.635525491E2
4.223627723E0,-1.340625095E1,6.573187866E2,-9.003750610E1,6.635920941E2
4.233627723E0,-1.320000076E1,6.573562622E2,-8.966250610E1,6.635743067E2
4.243627723E0,-1.308750057E1,6.574875488E2,-8.962500000E1,6.636970696E2
4.253627723E0,-1.299375057E1,6.573000488E2,-8.956875610E1,6.635018868E2
4.263627723E0,-1.280625057E1,6.572625122E2,-8.958750153E1,6.634635864E2
4.273627723E0,-1.263750076E1,6.568687744E2,-8.936250305E1,6.630399311E2
4.283627723E0,-1.243125057E1,6.568500366E2,-8.908125305E1,6.629796198E2
4.293627723E0,-1.271250057E1,6.567375488E2,-8.906250000E1,6.628709864E2
4.303627723E0,-1.235625076E1,6.569625244E2,-8.865000153E1,6.630318682E2
4.313627723E0,-1.235625076E1,6.567562866E2,-8.895000458E1,6.628677095E2
4.323627723E0,-1.230000019E1,6.565687866E2,-8.883750153E1,6.626658006E2
4.333627723E0,-1.211250019E1,6.565875244E2,-8.857500458E1,6.626457736E2
4.343627723E0,-1.216875076E1,6.563062744E2,-8.818125153E1,6.623155875E2
4.353627723E0,-1.196250057E1,6.564000244E2,-8.795625305E1,6.623748153E2
4.363627723E0,-1.213125038E1,6.561750488E2,-8.786250305E1,6.621424933E2
4.373627723E0,-1.200000000E1,6.564375000E2,-8.786250305E1,6.624001893E2
4.383627723E0,-1.203750038E1,6.560062866E2,-8.790000153E1,6.619785191E2
4.393627723E0,-1.216875076E1,6.561750488E2,-8.782500458E1,6.621382066E2
4.403627723E0,-1.207500076E1,6.564375000E2,-8.782500458E1,6.623965795E2
4.413627723E0,-1.209375095E1,6.564562988E2,-8.775000000E1,6.624056111E2
4.423627723E0,-1.209375095E1,6.568687744E2,-8.797500610E1,6.628442104E2
4.433627723E0,-1.200000000E1,6.568875122E2,-8.778750610E1,6.628362165E2
4.443627723E0,-1.183125019E1,6.570562744E2,-8.776875305E1,6.629979489E2
4.453627723E0,-1.173750019E1,6.570000000E2,-8.786250305E1,6.629529307E2
4.463627723E0,-1.190625000E1,6.573187866E2,-8.805000305E1,6.632967278E2
4.473627723E0,-1.173750019E1,6.573187866E2,-8.788125610E1,6.632713407E2
4.483627723E0,-1.186875057E1,6.572062988E2,-8.780625153E1,6.631522633E2
4.493627723E0,-1.218750095E1,6.570000000E2,-8.797500610E1,6.629759701E2
4.503627723E0,-1.224375057E1,6.569062500E2,-8.801250458E1,6.628890795E2
4.513627723E0,-1.245000076E1,6.567562866E2,-8.799375153E1,6.627418222E2
4.523627723E0,-1.258125019E1,6.566250000E2,-8.821875000E1,6.626441174E2
4.533627723E0,-1.248750019E1,6.567375488E2,-8.831250000E1,6.627663565E2
4.543627723E0,-1.243125057E1,6.566250000E2,-8.810625458E1,6.626263191E2
4.553627723E0,-1.256250095E1,6.565500488E2,-8.803125000E1,6.625445525E2
4.563627723E0,-1.246875095E1,6.564000244E2,-8.803125000E1,6.623941144E2
4.573627723E0,-1.243125057E1,6.564750366E2,-8.814375305E1,6.624827023E2
4.583627723E0,-1.243125057E1,6.562312622E2,-8.805000305E1,6.622286679E2
4.593627723E0,-1.243125057E1,6.564000244E2,-8.820000458E1,6.624158579E2
4.603627723E0,-1.224375057E1,6.564375000E2,-8.812500000E1,6.624395191E2
4.613627723E0,-1.216875076E1,6.564375000E2,-8.790000153E1,6.624082428E2
4.623627723E0,-1.213125038E1,6.563812866E2,-8.788125610E1,6.623493609E2
4.633627723E0,-1.192500019E1,6.563625488E2,-8.799375153E1,6.623419822E2
4.643627723E0,-1.201875019E1,6.565500488E2,-8.820000458E1,6.625569091E2
4.653627723E0,-1.190625000E1,6.565875244E2,-8.814375305E1,6.625845283E2
4.663627723E0,-1.201875019E1,6.570375366E2,-8.836875153E1,6.630624489E2
4.673627723E0,-1.233750057E1,6.570750122E2,-8.881875610E1,6.631655578E2
4.683627723E0,-1.265625095E1,6.574687500E2,-8.900625610E1,6.635868078E2
4.693627723E0,-1.297500038E1,6.576375122E2,-8.943750000E1,6.638181336E2
4.703627723E0,-1.327500057E1,6.577500000E2,-8.988750458E1,6.639962738E2
4.713627723E0,-1.374375057E1,6.580500488E2,-9.046875000E1,6.643819325E2
4.723627723E0,-1.417500019E1,6.582375488E2,-9.076875305E1,6.646176102E2
4.733627723E0,-1.436250019E1,6.585375366E2,-9.108750153E1,6.649623309E2
4.743627723E0,-1.453125095E1,6.584625244E2,-9.144375610E1,6.649406093E2
4.753627723E0,-1.453125095E1,6.585937500E2,-9.127500153E1,6.650473748E2
4.763627723E0,-1.458750057E1,6.585750122E2,-9.136875153E1,6.650429239E2
4.773627723E0,-1.451250076E1,6.585937500E2,-9.123750305E1,6.650418199E2
4.783627723E0,-1.464375019E1,6.588187866E2,-9.153750610E1,6.653087614E2
4.793627723E0,-1.460625076E1,6.586500244E2,-9.148125458E1,6.651330823E2
4.803627723E0,-1.441875076E1,6.585187988E2,-9.151875305E1,6.650042037E2
4.813627723E0,-1.434375095E1,6.583687744E2,-9.150000000E1,6.648514393E2
4.823627723E0,-1.415625095E1,6.582750244E2,-9.127500153E1,6.647236517E2
4.833627723E0,-1.415625095E1,6.582000122E2,-9.142500305E1,6.646699833E2
4.843627723E0,-1.411875057E1,6.580875244E2,-9.112500000E1,6.645165871E2
4.853627723E0,-1.413750076E1,6.579937744E2,-9.105000305E1,6.644138613E2
4.863627723E0,-1.383750057E1,6.578062744E2,-9.045000458E1,6.641398756E2
4.873627723E0,-1.378125095E1,6.579562988E2,-9.013125610E1,6.642439743E2
4.883627723E0,-1.387500095E1,6.580125122E2,-8.983125305E1,6.642609697E2
4.893627723E0,-1.410000038E1,6.580125122E2,-8.986875153E1,6.642707797E2
4.903627723E0,-1.380000019E1,6.580500488E2,-8.970000458E1,6.642788553E2
4.913627723E0,-1.357500076E1,6.579000244E2,-8.940000153E1,6.640851474E2
4.923627723E0,-1.365000057E1,6.577125244E2,-8.943750000E1,6.639059826E2
4.933627723E0,-1.363125038E1,6.577875366E2,-8.943750000E1,6.639799099E2
4.943627723E0,-1.366875076E1,6.579562988E2,-8.955000305E1,6.641630289E2
4.953627723E0,-1.327500057E1,6.577125244E2,-8.938125610E1,6.638908038E2
4.963627723E0,-1.321875095E1,6.575437622E2,-8.936250305E1,6.637199647E2
4.973627723E0,-1.271250057E1,6.576000366E2,-8.887500000E1,6.637003702E2
4.983627723E0,-1.303125095E1,6.574500122E2,-8.893125153E1,6.635654448E2
4.993627723E0,-1.291875076E1,6.575812988E2,-8.887500000E1,6.636857873E2
5.003627723E0,-1.258125019E1,6.577875366E2,-8.885625458E1,6.638811378E2
5.013627723E0,-1.275000095E1,6.574500122E2,-8.880000305E1,6.635424038E2
5.023627723E0,-1.256250095E1,6.571875000E2,-8.872500610E1,6.632686886E2
5.033627723E0,-1.260000038E1,6.572250366E2,-8.859375000E1,6.632890481E2
5.043627723E0,-1.237500095E1,6.571312866E2,-8.831250000E1,6.631544060E2
5.053627723E0,-1.260000038E1,6.571125488E2,-8.865000153E1,6.631851058E2
5.063627723E0,-1.256250095E1,6.571125488E2,-8.855625153E1,6.631718691E2
5.073627723E0,-1.260000038E1,6.570937500E2,-8.851875305E1,6.631489470E2
5.083627723E0,-1.267500019E1,6.569625244E2,-8.840625000E1,6.630053387E2
5.093627723E0,-1.235625076E1,6.571312866E2,-8.812500000E1,6.631291129E2
5.103627723E0,-1.258125019E1,6.572250366E2,-8.788125610E1,6.631939021E2
5.113627723E0,-1.260000038E1,6.571125488E2,-8.793750000E1,6.630902395E2
5.123627723E0,-1.265625095E1,6.571125488E2,-8.797500610E1,6.630962858E2
5.133627723E0,-1.250625038E1,6.570375366E2,-8.790000153E1,6.630091561E2
5.143627723E0,-1.261875057E1,6.570187988E2,-8.793750000E1,6.629976914E2
5.153627723E0,-1.263750076E1,6.570562744E2,-8.786250305E1,6.630252436E2
5.163627723E0,-1.276875019E1,6.570937500E2,-8.790000153E1,6.630698663E2
5.173627723E0,-1.280625057E1,6.569812622E2,-8.818125153E1,6.629964646E2
5.183627723E0,-1.278750038E1,6.567750244E2,-8.838750458E1,6.628192090E2
5.193627723E0,-1.288125038E1,6.569250488E2,-8.848125458E1,6.629821859E2
5.203627723E0,-1.297500038E1,6.568312988E2,-8.836875153E1,6.628761136E2
5.213627723E0,-1.291875076E1,6.570000000E2,-8.805000305E1,6.629997716E2
5.223627723E0,-1.288125038E1,6.570375366E2,-8.791875458E1,6.630188222E2
5.233627723E0,-1.293750095E1,6.568687744E2,-8.801250458E1,6.628651195E2
5.243627723E0,-1.278750038E1,6.566812744E2,-8.805000305E1,6.626813860E2
5.253627723E0,-1.278750038E1,6.566812744E2,-8.793750000E1,6.626664472E2
5.263627723E0,-1.263750076E1,6.568500366E2,-8.790000153E1,6.628258348E2
5.273627723E0,-1.263750076E1,6.567937622E2,-8.776875305E1,6.627526737E2
5.283627723E0,-1.252500057E1,6.567000122E2,-8.778750610E1,6.626601149E2
5.293627723E0,-1.276875019E1,6.564000244E2,-8.810625458E1,6.624098015E2
5.303627723E0,-1.276875019E1,6.564187622E2,-8.808750153E1,6.624258753E2
5.313627723E0,-1.275000095E1,6.565687866E2,-8.801250458E1,6.625642120E2
5.323627723E0,-1.291875076E1,6.565500488E2,-8.791875458E1,6.625364655E2
5.333627723E0,-1.291875076E1,6.564750366E2,-8.788125610E1,6.624571556E2
5.343627723E0,-1.290000057E1,6.564000244E2,-8.763750458E1,6.623501599E2
5.353627723E0,-1.290000057E1,6.564187622E2,-8.773125458E1,6.623811398E2
5.363627723E0,-1.301250076E1,6.563625488E2,-8.788125610E1,6.623475189E2
5.373627723E0,-1.291875076E1,6.564750366E2,-8.780625153E1,6.624472097E2
5.383627723E0,-1.276875019E1,6.565500488E2,-8.788125610E1,6.625285826E2
5.393627723E0,-1.260000038E1,6.563812866E2,-8.788125610E1,6.623581121E2
5.403627723E0,-1.275000095E1,6.562875366E2,-8.806875610E1,6.622929858E2
5.413627723E0,-1.271250057E1,6.564000244E2,-8.814375305E1,6.624137083E2
5.423627723E0,-1.288125038E1,6.563625488E2,-8.848125458E1,6.624248293E2
5.433627723E0,-1.299375057E1,6.564375000E2,-8.850000000E1,6.625037954E2
5.443627723E0,-1.275000095E1,6.568500366E2,-8.851875305E1,6.629103279E2
5.453627723E0,-1.275000095E1,6.567750244E2,-8.829375458E1,6.628059915E2
5.463627723E0,-1.260000038E1,6.568875122E2,-8.821875000E1,6.629046022E2
5.473627723E0,-1.271250057E1,6.570562744E2,-8.821875000E1,6.630739802E2
5.483627723E0,-1.252500057E1,6.574125366E2,-8.806875610E1,6.634035158E2
5.493627723E0,-1.261875057E1,6.576750488E2,-8.816250610E1,6.636778814E2
5.503627723E0,-1.263750076E1,6.579562988E2,-8.782500458E1,6.639122148E2
5.513627723E0,-1.231875038E1,6.578437500E2,-8.791875458E1,6.638070943E2
5.523627723E0,-1.239375019E1,6.576375122E2,-8.771250153E1,6.635768120E2
5.533627723E0,-1.252500057E1,6.577875366E2,-8.808750153E1,6.637776186E2
5.543627723E0,-1.278750038E1,6.578812866E2,-8.820000458E1,6.638904641E2
5.553627723E0,-1.288125038E1,6.578062744E2,-8.840625000E1,6.638453783E2
5.563627723E0,-1.284375095E1,6.575625000E2,-8.835000610E1,6.635956050E2
5.573627723E0,-1.273125076E1,6.572437744E2,-8.827500153E1,6.632676229E2
5.583627723E0,-1.267500019E1,6.570937500E2,-8.846250153E1,6.631428700E2
5.593627723E0,-1.273125076E1,6.573750000E2,-8.816250610E1,6.633826971E2
5.603627723E0,-1.295625019E1,6.574500122E2,-8.833125305E1,6.634838304E2
5.613627723E0,-1.291875076E1,6.572625122E2,-8.827500153E1,6.632898160E2
5.623627723E0,-1.295625019E1,6.570000000E2,-8.805000305E1,6.630005034E2
5.633627723E0,-1.320000076E1,6.567750244E2,-8.784375000E1,6.627550054E2
5.643627723E0,-1.318125057E1,6.568875122E2,-8.788125610E1,6.628710766E2
5.653627723E0,-1.346250057E1,6.569250488E2,-8.806875610E1,6.629388090E2
5.663627723E0,-1.335000038E1,6.569625244E2,-8.799375153E1,6.629637104E2
5.673627723E0,-1.342500019E1,6.567187500E2,-8.810625458E1,6.627386056E2
5.683627723E0,-1.325625038E1,6.570000000E2,-8.810625458E1,6.630139065E2
5.693627723E0,-1.310625076E1,6.570000000E2,-8.806875610E1,6.630059424E2
5.703627723E0,-1.318125057E1,6.568687744E2,-8.823750305E1,6.628998334E2
5.713627723E0,-1.290000057E1,6.569812622E2,-8.814375305E1,6.629932957E2
5.723627723E0,-1.291875076E1,6.567750244E2,-8.821875000E1,6.627992718E2
5.733627723E0,-1.282500076E1,6.566625366E2,-8.782500458E1,6.626336839E2
5.743627723E0,-1.299375057E1,6.566437988E2,-8.758125305E1,6.625861393E2
5.753627723E0,-1.318125057E1,6.567000122E2,-8.776875305E1,6.626703595E2
5.763627723E0,-1.301250076E1,6.564187622E2,-8.773125458E1,6.623833404E2
5.773627723E0,-1.305000019E1,6.566625366E2,-8.782500458E1,6.626380769E2
5.783627723E0,-1.282500076E1,6.567187500E2,-8.773125458E1,6.626769728E2
5.793627723E0,-1.275000095E1,6.569812622E2,-8.786250305E1,6.629530608E2
5.803627723E0,-1.269375038E1,6.570562744E2,-8.784375000E1,6.630238333E2
5.813627723E0,-1.243125057E1,6.571687622E2,-8.795625305E1,6.631452484E2
5.823627723E0,-1.230000019E1,6.570562744E2,-8.808750153E1,6.630487506E2
5.833627723E0,-1.235625076E1,6.569437866E2,-8.795625305E1,6.629208989E2
5.843627723E0,-1.260000038E1,6.569437866E2,-8.788125610E1,6.629155406E2
5.853627723E0,-1.239375019E1,6.566812744E2,-8.745000458E1,6.625944495E2
5.863627723E0,-1.250625038E1,6.566812744E2,-8.733750153E1,6.625817245E2
5.873627723E0,-1.250625038E1,6.565125122E2,-8.731875610E1,6.624119943E2
5.883627723E0,-1.246875095E1,6.565500488E2,-8.726250458E1,6.624410774E2
5.893627723E0,-1.250625038E1,6.566062622E2,-8.724375153E1,6.624950279E2
5.903627723E0,-1.252500057E1,6.564750366E2,-8.722500610E1,6.623628545E2
5.913627723E0,-1.237500095E1,6.564375000E2,-8.690625000E1,6.622809286E2
5.923627723E0,-1.231875038E1,6.563062744E2,-8.686875153E1,6.621448916E2
5.933627723E0,-1.258125019E1,6.561937866E2,-8.724375153E1,6.620876420E2
5.943627723E0,-1.246875095E1,6.563062744E2,-8.746875000E1,6.622266816E2
5.953627723E0,-1.254375076E1,6.562687988E2,-8.726250458E1,6.621637461E2
5.963627723E0,-1.282500076E1,6.562312622E2,-8.718750000E1,6.621220509E2
5.973627723E0,-1.291875076E1,6.560625000E2,-8.730000305E1,6.619714409E2
5.983627723E0,-1.295625019E1,6.557812500E2,-8.737500000E1,6.617033345E2
5.993627723E0,-1.284375095E1,6.558750000E2,-8.776875305E1,6.618461540E2
6.003627723E0,-1.276875019E1,6.559875488E2,-8.795625305E1,6.619811233E2
6.013627723E0,-1.261875057E1,6.562875366E2,-8.778750610E1,6.622531312E2
6.023627723E0,-1.256250095E1,6.563437500E2,-8.754375458E1,6.622755043E2
6.033627723E0,-1.252500057E1,6.564750366E2,-8.775000000E1,6.624321941E2
6.043627723E0,-1.218750095E1,6.566437988E2,-8.780625153E1,6.626005973E2
6.053627723E0,-1.201875019E1,6.567750244E2,-8.767500305E1,6.627101849E2
6.063627723E0,-1.198125076E1,6.575062866E2,-8.806875610E1,6.634863775E2
6.073627723E0,-1.200000000E1,6.574687500E2,-8.814375305E1,6.634594776E2
6.083627723E0,-1.216875076E1,6.575625000E2,-8.808750153E1,6.635479846E2
6.093627723E0,-1.220625019E1,6.573750000E2,-8.795625305E1,6.633454497E2
6.103627723E0,-1.218750095E1,6.571875000E2,-8.801250458E1,6.631667560E2
6.113627723E0,-1.209375095E1,6.570000000E2,-8.797500610E1,6.629742533E2
6.123627723E0,-1.222500038E1,6.568125000E2,-8.778750610E1,6.627659896E2
6.133627723E0,-1.239375019E1,6.568687744E2,-8.767500305E1,6.628100014E2
6.143627723E0,-1.237500095E1,6.564187622E2,-8.728125000E1,6.623116703E2
6.153627723E0,-1.228125095E1,6.564375000E2,-8.709375000E1,6.623038138E2
6.163627723E0,-1.203750038E1,6.564375000E2,-8.705625153E1,6.622944087E2
6.173627723E0,-1.203750038E1,6.564375000E2,-8.722500610E1,6.623166120E2
6.183627723E0,-1.216875076E1,6.567187500E2,-8.752500153E1,6.626373224E2
6.193627723E0,-1.235625076E1,6.566625366E2,-8.739375305E1,6.625677565E2
6.203627723E0,-1.216875076E1,6.567937622E2,-8.752500153E1,6.627116646E2
6.213627723E0,-1.203750038E1,6.566625366E2,-8.769375610E1,6.626015268E2
6.223627723E0,-1.205625057E1,6.568125000E2,-8.776875305E1,6.627604147E2
6.233627723E0,-1.228125095E1,6.570562744E2,-8.780625153E1,6.630110970E2
6.243627723E0,-1.233750057E1,6.570562744E2,-8.776875305E1,6.630071762E2
6.253627723E0,-1.241250038E1,6.568687744E2,-8.765625000E1,6.628078720E2
6.263627723E0,-1.239375019E1,6.567000122E2,-8.739375305E1,6.626055985E2
6.273627723E0,-1.256250095E1,6.567750244E2,-8.760000610E1,6.627103517E2
6.283627723E0,-1.275000095E1,6.566812744E2,-8.773125458E1,6.626383868E2
6.293627723E0,-1.280625057E1,6.565500488E2,-8.761875153E1,6.624945376E2
6.303627723E0,-1.297500038E1,6.564750366E2,-8.746875000E1,6.624036583E2
6.313627723E0,-1.284375095E1,6.561562500E2,-8.743125153E1,6.620802142E2
6.323627723E0,-1.286250019E1,6.561000366E2,-8.750625610E1,6.620347777E2
6.333627723E0,-1.265625095E1,6.564937744E2,-8.767500305E1,6.624433279E2
6.343627723E0,-1.276875019E1,6.564000244E2,-8.788125610E1,6.623799123E2
6.353627723E0,-1.256250095E1,6.563625488E2,-8.803125000E1,6.623587494E2
6.363627723E0,-1.254375076E1,6.564375000E2,-8.805000305E1,6.624351592E2
6.373627723E0,-1.260000038E1,6.567562866E2,-8.820000458E1,6.627720731E2
6.383627723E0,-1.258125019E1,6.567750244E2,-8.821875000E1,6.627927794E2
6.393627723E0,-1.252500057E1,6.567375488E2,-8.816250610E1,6.627470944E2
6.403627723E0,-1.273125076E1,6.567000122E2,-8.797500610E1,6.626889108E2
6.413627723E0,-1.291875076E1,6.565875244E2,-8.784375000E1,6.625636541E2
6.423627723E0,-1.290000057E1,6.565687866E2,-8.784375000E1,6.625447200E2
6.433627723E0,-1.290000057E1,6.568687744E2,-8.776875305E1,6.628320683E2
6.443627723E0,-1.286250019E1,6.568312988E2,-8.784375000E1,6.628041366E2
6.453627723E0,-1.286250019E1,6.567937622E2,-8.775000000E1,6.627545190E2
6.463627723E0,-1.267500019E1,6.569062500E2,-8.791875458E1,6.628847444E2
6.473627723E0,-1.271250057E1,6.570000000E2,-8.795625305E1,6.629833408E2
6.483627723E0,-1.275000095E1,6.570375366E2,-8.831250000E1,6.630686124E2
6.493627723E0,-1.260000038E1,6.570937500E2,-8.835000610E1,6.631264434E2
6.503627723E0,-1.256250095E1,6.573000488E2,-8.833125305E1,6.633276573E2
6.513627723E0,-1.245000076E1,6.571687622E2,-8.820000458E1,6.631779741E2
6.523627723E0,-1.241250038E1,6.572625122E2,-8.778750610E1,6.632154449E2
6.533627723E0,-1.248750019E1,6.572250366E2,-8.776875305E1,6.631772315E2
6.543627723E0,-1.258125019E1,6.571875000E2,-8.767500305E1,6.631294023E2
6.553627723E0,-1.263750076E1,6.572625122E2,-8.761875153E1,6.631973779E2
6.563627723E0,-1.235625076E1,6.572625122E2,-8.743125153E1,6.631673323E2
6.573627723E0,-1.250625038E1,6.572625122E2,-8.761875153E1,6.631948898E2
6.583627723E0,-1.224375057E1,6.574875488E2,-8.748750305E1,6.633956960E2
6.593627723E0,-1.216875076E1,6.574500122E2,-8.743125153E1,6.633496972E2
6.603627723E0,-1.215000057E1,6.572437744E2,-8.741250610E1,6.631424792E2
6.613627723E0,-1.186875057E1,6.570375366E2,-8.746875000E1,6.629404000E2
6.623627723E0,-1.175625038E1,6.567750244E2,-8.752500153E1,6.626856480E2
6.633627723E0,-1.179375076E1,6.567750244E2,-8.758125305E1,6.626937461E2
6.643627723E0,-1.166250038E1,6.568500366E2,-8.761875153E1,6.627707222E2
6.653627723E0,-1.140000057E1,6.570187988E2,-8.760000610E1,6.629309339E2
6.663627723E0,-1.151250076E1,6.567187500E2,-8.763750458E1,6.626404655E2
6.673627723E0,-1.145625019E1,6.567000122E2,-8.765625000E1,6.626233997E2
6.683627723E0,-1.134375000E1,6.567187500E2,-8.773125458E1,6.626499606E2
6.693627723E0,-1.153125000E1,6.569062500E2,-8.760000610E1,6.628216593E2
6.703627723E0,-1.166250038E1,6.570187988E2,-8.758125305E1,6.629330221E2
6.713627723E0,-1.173750019E1,6.569812622E2,-8.750625610E1,6.628872398E2
6.723627723E0,-1.196250057E1,6.569812622E2,-8.746875000E1,6.628863119E2
6.733627723E0,-1.215000057E1,6.568125000E2,-8.743125153E1,6.627175163E2
6.743627723E0,-1.211250019E1,6.570562744E2,-8.741250610E1,6.629559613E2
6.753627723E0,-1.231875038E1,6.571500244E2,-8.739375305E1,6.630502049E2
6.763627723E0,-1.230000019E1,6.572812500E2,-8.761875153E1,6.632096028E2
6.773627723E0,-1.226250076E1,6.573750000E2,-8.776875305E1,6.633216517E2
6.783627723E0,-1.211250019E1,6.575812988E2,-8.782500458E1,6.635307895E2
6.793627723E0,-1.216875076E1,6.574875488E2,-8.786250305E1,6.634438746E2
6.803627723E0,-1.198125076E1,6.575437622E2,-8.784375000E1,6.634936880E2
6.813627723E0,-1.207500076E1,6.573000488E2,-8.786250305E1,6.632563451E2
6.823627723E0,-1.222500038E1,6.569437866E2,-8.775000000E1,6.628911313E2
6.833627723E0,-1.215000057E1,6.569062500E2,-8.786250305E1,6.628674553E2
6.843627723E0,-1.233750057E1,6.569812622E2,-8.803125000E1,6.629676416E2
6.853627723E0,-1.243125057E1,6.568875122E2,-8.814375305E1,6.628914397E2
6.863627723E0,-1.252500057E1,6.568875122E2,-8.806875610E1,6.628832364E2
6.873627723E0,-1.237500095E1,6.569437866E2,-8.821875000E1,6.629561277E2
6.883627723E0,-1.269375038E1,6.566062622E2,-8.844375610E1,6.626576891E2
6.893627723E0,-1.269375038E1,6.567187500E2,-8.825625610E1,6.627441547E2
6.903627723E0,-1.261875057E1,6.569250488E2,-8.831250000E1,6.629546367E2
6.913627723E0,-1.263750076E1,6.568312988E2,-8.816250610E1,6.628421298E2
6.923627723E0,-1.269375038E1,6.566437988E2,-8.805000305E1,6.626424472E2
6.933627723E0,-1.267500019E1,6.568312988E2,-8.805000305E1,6.628278915E2
6.943627723E0,-1.260000038E1,6.567375488E2,-8.797500610E1,6.627235998E2
6.953627723E0,-1.245000076E1,6.570375366E2,-8.805000305E1,6.630280010E2
6.963627723E0,-1.233750057E1,6.571312866E2,-8.771250153E1,6.630740718E2
6.973627723E0,-1.235625076E1,6.570937500E2,-8.803125000E1,6.630794630E2
6.983627723E0,-1.207500076E1,6.571687622E2,-8.795625305E1,6.631386658E2
6.993627723E0,-1.215000057E1,6.572625122E2,-8.831250000E1,6.632802802E2
7.003627723E0,-1.216875076E1,6.573937988E2,-8.825625610E1,6.634032348E2
7.013627723E0,-1.218750095E1,6.573000488E2,-8.816250610E1,6.632982111E2
7.023627723E0,-1.201875019E1,6.572625122E2,-8.803125000E1,6.632405003E2
7.033627723E0,-1.196250057E1,6.569062500E2,-8.791875458E1,6.628715035E2
7.043627723E0,-1.220625019E1,6.569062500E2,-8.814375305E1,6.629058267E2
7.053627723E0,-1.201875019E1,6.569625244E2,-8.788125610E1,6.629233168E2
7.063627723E0,-1.233750057E1,6.568500366E2,-8.776875305E1,6.628027901E2
7.073627723E0,-1.233750057E1,6.567750244E2,-8.750625610E1,6.626937388E2
7.083627723E0,-1.248750019E1,6.568312988E2,-8.743125153E1,6.627424209E2
7.093627723E0,-1.243125057E1,6.566437988E2,-8.733750153E1,6.625431712E2
7.103627723E0,-1.288125038E1,6.566250000E2,-8.769375610E1,6.625801930E2
7.113627723E0,-1.320000076E1,6.567000122E2,-8.776875305E1,6.626707328E2
7.123627723E0,-1.290000057E1,6.567750244E2,-8.758125305E1,6.627143567E2
7.133627723E0,-1.306875038E1,6.568500366E2,-8.786250305E1,6.628292256E2
7.143627723E0,-1.299375057E1,6.568687744E2,-8.803125000E1,6.628687090E2
7.153627723E0,-1.301250076E1,6.568500366E2,-8.805000305E1,6.628529994E2
7.163627723E0,-1.299375057E1,6.569062500E2,-8.797500610E1,6.628983787E2
7.173627723E0,-1.278750038E1,6.571312866E2,-8.805000305E1,6.631273264E2
7.183627723E0,-1.263750076E1,6.571687622E2,-8.793750000E1,6.631466598E2
7.193627723E0,-1.256250095E1,6.571500244E2,-8.769375610E1,6.630943869E2
7.203627723E0,-1.261875057E1,6.571687622E2,-8.765625000E1,6.631090657E2
7.213627723E0,-1.258125019E1,6.571500244E2,-8.728125000E1,6.630403148E2
7.223627723E0,-1.254375076E1,6.571687622E2,-8.713125610E1,6.630384480E2
7.233627723E0,-1.258125019E1,6.570187988E2,-8.696250153E1,6.628683629E2
7.243627723E0,-1.256250095E1,6.569437866E2,-8.711250305E1,6.628133549E2
7.253627723E0,-1.293750095E1,6.567000122E2,-8.718750000E1,6.625888206E2
7.263627723E0,-1.280625057E1,6.565875244E2,-8.692500305E1,6.624402867E2
7.273627723E0,-1.282500076E1,6.568312988E2,-8.705625153E1,6.626994995E2
7.283627723E0,-1.278750038E1,6.567187500E2,-8.703750610E1,6.625847600E2
7.293627723E0,-1.280625057E1,6.565125122E2,-8.707500458E1,6.623856393E2
7.303627723E0,-1.286250019E1,6.566437988E2,-8.722500610E1,6.625365832E2
7.313627723E0,-1.291875076E1,6.567562866E2,-8.731875610E1,6.626615119E2
7.323627723E0,-1.284375095E1,6.565312500E2,-8.692500305E1,6.623852356E2
7.333627723E0,-1.271250057E1,6.567375488E2,-8.671875000E1,6.625601537E2
7.343627723E0,-1.280625057E1,6.569250488E2,-8.681250000E1,6.627600848E2
7.353627723E0,-1.260000038E1,6.568125000E2,-8.688750458E1,6.626544036E2
7.363627723E0,-1.263750076E1,6.570375366E2,-8.716875458E1,6.629150947E2
7.373627723E0,-1.293750095E1,6.572250366E2,-8.724375153E1,6.631165809E2
7.383627723E0,-1.306875038E1,6.570937500E2,-8.728125000E1,6.629939707E2
7.393627723E0,-1.297500038E1,6.569812622E2,-8.722500610E1,6.628732392E2
7.403627723E0,-1.291875076E1,6.573562622E2,-8.782500458E1,6.633229839E2
7.413627723E0,-1.275000095E1,6.571687622E2,-8.791875458E1,6.631463277E2
7.423627723E0,-1.293750095E1,6.569625244E2,-8.810625458E1,6.629704741E2
7.433627723E0,-1.314375019E1,6.569250488E2,-8.812500000E1,6.629398868E2
7.443627723E0,-1.323750019E1,6.568687744E2,-8.810625458E1,6.628834968E2
7.453627723E0,-1.288125038E1,6.568312988E2,-8.812500000E1,6.628418343E2
7.463627723E0,-1.273125076E1,6.567937622E2,-8.806875610E1,6.627942642E2
7.473627723E0,-1.286250019E1,6.569437866E2,-8.833125305E1,6.629803866E2
7.483627723E0,-1.284375095E1,6.567562866E2,-8.791875458E1,6.627393827E2
7.493627723E0,-1.284375095E1,6.568687744E2,-8.795625305E1,6.628558299E2
7.503627723E0,-1.275000095E1,6.569625244E2,-8.773125458E1,6.629171095E2
7.513627723E0,-1.265625095E1,6.567562866E2,-8.737500000E1,6.626638600E2
7.523627723E0,-1.267500019E1,6.567187500E2,-8.696250153E1,6.625727499E2
7.533627723E0,-1.278750038E1,6.566437988E2,-8.709375000E1,6.625178639E2
7.543627723E0,-1.284375095E1,6.567750244E2,-8.700000000E1,6.626366988E2
7.553627723E0,-1.258125019E1,6.568875122E2,-8.664375305E1,6.626964852E2
7.563627723E0,-1.252500057E1,6.569437866E2,-8.658750153E1,6.627438493E2
7.573627723E0,-1.286250019E1,6.567937622E2,-8.662500000E1,6.626065051E2
7.583627723E0,-1.267500019E1,6.567375488E2,-8.675625610E1,6.625643453E2
7.593627723E0,-1.261875057E1,6.569812622E2,-8.696250153E1,6.628318704E2
7.603627723E0,-1.245000076E1,6.570375366E2,-8.705625153E1,6.628967627E2
7.613627723E0,-1.243125057E1,6.570750122E2,-8.677500153E1,6.628966801E2
7.623627723E0,-1.243125057E1,6.569437866E2,-8.666250610E1,6.627518878E2
7.633627723E0,-1.276875019E1,6.566625366E2,-8.688750458E1,6.625089935E2
7.643627723E0,-1.278750038E1,6.566062622E2,-8.716875458E1,6.624905248E2
7.653627723E0,-1.260000038E1,6.567937622E2,-8.690625000E1,6.626382892E2
7.663627723E0,-1.267500019E1,6.569625244E2,-8.671875000E1,6.627824347E2
7.673627723E0,-1.265625095E1,6.568687744E2,-8.683125305E1,6.627038811E2
7.683627723E0,-1.246875095E1,6.570000000E2,-8.688750458E1,6.628377691E2
7.693627723E0,-1.256250095E1,6.569625244E2,-8.718750000E1,6.628417874E2
7.703627723E0,-1.269375038E1,6.569062500E2,-8.730000305E1,6.628033216E2
7.713627723E0,-1.237500095E1,6.571500244E2,-8.720625305E1,6.630265649E2
7.723627723E0,-1.248750019E1,6.570937500E2,-8.715000153E1,6.629655019E2
7.733627723E0,-1.258125019E1,6.571875000E2,-8.730000305E1,6.630799262E2
7.743627723E0,-1.275000095E1,6.572250366E2,-8.760000610E1,6.631599146E2
7.753627723E0,-1.273125076E1,6.571500244E2,-8.720625305E1,6.630333098E2
7.763627723E0,-1.865625000E1,6.411375122E2,-8.514375305E1,6.470354116E2
7.773627723E0,-2.743125153E1,5.806312866E2,-7.948125458E1,5.866876805E2
7.783627723E0,-3.238125229E1,4.937062683E2,-7.336875153E1,5.001773671E2
7.793627723E0,-3.575625229E1,4.037625122E2,-6.658125305E1,4.107745599E2
7.803627723E0,-3.796875000E1,3.201750183E2,-6.007500076E1,3.279674893E2
7.813627723E0,-4.038750076E1,2.409937592E2,-5.460000229E1,2.503803156E2
7.823627723E0,-4.276875305E1,1.611187592E2,-4.897500229E1,1.737439830E2
7.833627723E0,-4.550625229E1,8.040000153E1,-4.351875305E1,1.021217955E2
7.843627723E0,-4.230000305E1,1.533750057E1,-4.001250076E1,6.021236916E1
7.853627723E0,-3.605625153E1,-4.912500381E0,-3.980625153E1,5.393258379E1
7.863627723E0,-3.356250000E1,1.500000000E0,-4.025625229E1,5.243336013E1
7.873627723E0,-3.270000076E1,1.083750057E1,-4.134375000E1,5.381493410E1
7.883627723E0,-3.296250153E1,1.410000038E1,-4.237500000E1,5.550655045E1
7.893627723E0,-3.296250153E1,1.269375038E1,-4.237500000E1,5.516609856E1
7.903627723E0,-3.286875153E1,1.183125019E1,-4.220625305E1,5.478778244E1
7.913627723E0,-3.285000229E1,1.215000057E1,-4.235625076E1,5.496177893E1
7.923627723E0,-3.279375076E1,1.248750019E1,-4.256250000E1,5.516279685E1
7.933627723E0,-3.251250076E1,1.290000057E1,-4.273125076E1,5.522166706E1
7.943627723E0,-3.251250076E1,1.273125076E1,-4.306875229E1,5.544425016E1
7.953627723E0,-3.232500076E1,1.280625057E1,-4.340625000E1,5.561482057E1
7.963627723E0,-3.230625153E1,1.254375076E1,-4.336875153E1,5.551475641E1
7.973627723E0,-3.230625153E1,1.252500057E1,-4.338750076E1,5.552517221E1
7.983627723E0,-3.226875305E1,1.275000095E1,-4.344375229E1,5.559851222E1
7.993627723E0,-3.187500191E1,1.263750076E1,-4.318125153E1,5.513930228E1
8.003627723E0,-3.168750191E1,1.269375038E1,-4.306875229E1,5.495585956E1
8.013627723E0,-3.185625076E1,1.226250076E1,-4.316250229E1,5.502900364E1
8.023627723E0,-3.172500038E1,1.246875095E1,-4.306875229E1,5.492597585E1
8.033627723E0,-3.178125191E1,1.256250095E1,-4.310625076E1,5.500921066E1
8.043627723E0,-3.166875076E1,1.263750076E1,-4.306875229E1,5.493208192E1
8.053627723E0,-3.151875114E1,1.256250095E1,-4.316250229E1,5.490218309E1
8.063627723E0,-3.163125038E1,1.263750076E1,-4.361250305E1,5.533798739E1
8.073627723E0,-3.176250076E1,1.276875019E1,-4.398750305E1,5.573865679E1
8.083627723E0,-3.187500191E1,1.261875057E1,-4.398750305E1,5.576871020E1
8.093627723E0,-3.146250153E1,1.291875076E1,-4.393125153E1,5.555841956E1
8.103627723E0,-3.136875153E1,1.295625019E1,-4.381875229E1,5.542513909E1
8.113627723E0,-3.121875191E1,1.276875019E1,-4.366875076E1,5.517799602E1
8.123627723E0,-3.110625076E1,1.288125038E1,-4.340625000E1,5.493294082E1
8.133627723E0,-3.103125191E1,1.280625057E1,-4.329375076E1,5.478400774E1
8.143627723E0,-3.069375038E1,1.252500057E1,-4.305000305E1,5.433493089E1
8.153627723E0,-3.061875153E1,1.252500057E1,-4.314375305E1,5.436696618E1
8.163627723E0,-3.048750114E1,1.261875057E1,-4.336875153E1,5.449375378E1
8.173627723E0,-3.045000076E1,1.275000095E1,-4.336875153E1,5.450333641E1
8.183627723E0,-3.033750153E1,1.273125076E1,-4.346250153E1,5.451089601E1
8.193627723E0,-3.028125191E1,1.265625095E1,-4.359375000E1,5.456693087E1
8.203627723E0,-3.022500038E1,1.250625038E1,-4.406250000E1,5.487677881E1
8.213627723E0,-3.022500038E1,1.261875057E1,-4.411875153E1,5.494768194E1
8.223627723E0,-3.031875038E1,1.267500019E1,-4.423125076E1,5.510250265E1
8.233627723E0,-3.037500191E1,1.245000076E1,-4.413750076E1,5.500692896E1
8.243627723E0,-3.035625076E1,1.261875057E1,-4.413750076E1,5.503502339E1
8.253627723E0,-3.045000076E1,1.258125019E1,-4.445625305E1,5.533397544E1
8.263627723E0,-3.041250038E1,1.265625095E1,-4.458750153E1,5.543596450E1
8.273627723E0,-3.041250038E1,1.269375038E1,-4.447500229E1,5.535410831E1
8.283627723E0,-3.035625076E1,1.278750038E1,-4.447500229E1,5.534480965E1
8.293627723E0,-3.020625114E1,1.271250057E1,-4.455000305E1,5.530576869E1
8.303627723E0,-3.011250114E1,1.286250019E1,-4.440000153E1,5.516853063E1
8.313627723E0,-2.986875153E1,1.301250076E1,-4.434375000E1,5.502577267E1
8.323627723E0,-2.981250191E1,1.301250076E1,-4.421250153E1,5.488948658E1
8.333627723E0,-2.988750076E1,1.265625095E1,-4.391250229E1,5.460541408E1
8.343627723E0,-2.990625191E1,1.263750076E1,-4.383750153E1,5.455104828E1
8.353627723E0,-2.996250153E1,1.267500019E1,-4.421250153E1,5.489218905E1
8.363627723E0,-3.013125038E1,1.260000038E1,-4.410000229E1,5.487679347E1
8.373627723E0,-3.031875038E1,1.256250095E1,-4.421250153E1,5.506167765E1
8.383627723E0,-3.030000114E1,1.258125019E1,-4.440000153E1,5.520632266E1
8.393627723E0,-3.028125191E1,1.267500019E1,-4.449375153E1,5.529289079E1
8.403627723E0,-3.048750114E1,1.239375019E1,-4.462500000E1,5.544802426E1
8.413627723E0,-3.045000076E1,1.265625095E1,-4.477500153E1,5.560740955E1
8.423627723E0,-3.054375076E1,1.254375076E1,-4.485000229E1,5.569370790E1
8.433627723E0,-3.046875191E1,1.252500057E1,-4.451250076E1,5.537673886E1
8.443627723E0,-3.041250038E1,1.261875057E1,-4.432500076E1,5.521647162E1
8.453627723E0,-3.030000114E1,1.280625057E1,-4.443750000E1,5.528816808E1
8.463627723E0,-3.022500038E1,1.271250057E1,-4.440000153E1,5.519527565E1
8.473627723E0,-3.031875038E1,1.256250095E1,-4.415625000E1,5.501651996E1
8.483627723E0,-3.030000114E1,1.269375038E1,-4.423125076E1,5.509650544E1
8.493627723E0,-3.022500038E1,1.267500019E1,-4.440000153E1,5.518665068E1
8.503627723E0,-3.022500038E1,1.282500076E1,-4.453125000E1,5.532687881E1
8.513627723E0,-3.028125191E1,1.288125038E1,-4.470000076E1,5.550649418E1
8.523627723E0,-3.030000114E1,1.301250076E1,-4.481250000E1,5.563789537E1
8.533627723E0,-3.024375153E1,1.286250019E1,-4.479375076E1,5.555725448E1
8.543627723E0,-3.018750191E1,1.291875076E1,-4.490625000E1,5.563048339E1
8.553627723E0,-3.018750191E1,1.295625019E1,-4.530000305E1,5.595748356E1
8.563627723E0,-3.003750038E1,1.318125057E1,-4.543125153E1,5.603566196E1
8.573627723E0,-3.018750191E1,1.280625057E1,-4.530000305E1,5.592294343E1
8.583627723E0,-2.981250191E1,1.290000057E1,-4.511250305E1,5.559076557E1
8.593627723E0,-2.973750114E1,1.293750095E1,-4.516875076E1,5.560498135E1
8.603627723E0,-2.936250114E1,1.301250076E1,-4.526250076E1,5.549932995E1
8.613627723E0,-2.938125038E1,1.325625038E1,-4.526250076E1,5.556689683E1
8.623627723E0,-2.949375153E1,1.333125019E1,-4.516875076E1,5.556815326E1
8.633627723E0,-2.964375114E1,1.342500019E1,-4.522500229E1,5.571609681E1
8.643627723E0,-2.970000076E1,1.320000076E1,-4.498125076E1,5.549453113E1
8.653627723E0,-2.968125153E1,1.372500038E1,-4.496250153E1,5.559657248E1
8.663627723E0,-3.005625153E1,1.357500076E1,-4.509375000E1,5.586685234E1
8.673627723E0,-3.020625114E1,1.355625057E1,-4.501875305E1,5.588271346E1
8.683627723E0,-3.050625038E1,1.331250095E1,-4.485000229E1,5.585138046E1
8.693627723E0,-3.048750114E1,1.336875057E1,-4.490625000E1,5.589975409E1
8.703627723E0,-3.052500153E1,1.340625095E1,-4.515000153E1,5.612509172E1
8.713627723E0,-3.035625076E1,1.340625095E1,-4.515000153E1,5.603349144E1
8.723627723E0,-3.016875076E1,1.344375038E1,-4.513125229E1,5.592600361E1
8.733627723E0,-3.018750191E1,1.329375076E1,-4.511250305E1,5.588512335E1
8.743627723E0,-3.001875114E1,1.314375019E1,-4.501875305E1,5.568277755E1
8.753627723E0,-3.000000191E1,1.299375057E1,-4.524375153E1,5.581966249E1
8.763627723E0,-2.996250153E1,1.318125057E1,-4.556250000E1,5.610203446E1
8.773627723E0,-3.003750038E1,1.303125095E1,-4.560000229E1,5.613755552E1
8.783627723E0,-3.000000191E1,1.282500076E1,-4.550625229E1,5.599374748E1
8.793627723E0,-3.007500076E1,1.267500019E1,-4.539375305E1,5.590844406E1
8.803627723E0,-3.031875038E1,1.275000095E1,-4.565625000E1,5.626972821E1
8.813627723E0,-3.015000153E1,1.265625095E1,-4.552500153E1,5.605112884E1
8.823627723E0,-3.028125191E1,1.293750095E1,-4.578750229E1,5.639883433E1
8.833627723E0,-3.024375153E1,1.301250076E1,-4.578750229E1,5.639596660E1
8.843627723E0,-3.026250076E1,1.288125038E1,-4.582500076E1,5.640634945E1
8.853627723E0,-3.015000153E1,1.288125038E1,-4.573125076E1,5.626985427E1
8.863627723E0,-3.003750038E1,1.288125038E1,-4.545000076E1,5.598107368E1
8.873627723E0,-2.988750076E1,1.303125095E1,-4.560000229E1,5.605743851E1
8.883627723E0,-2.986875153E1,1.290000057E1,-4.528125000E1,5.575790468E1
8.893627723E0,-3.015000153E1,1.295625019E1,-4.575000000E1,5.630230467E1
8.903627723E0,-3.007500076E1,1.305000019E1,-4.556250000E1,5.613153821E1
8.913627723E0,-2.996250153E1,1.308750057E1,-4.548750305E1,5.601916728E1
8.923627723E0,-3.001875114E1,1.303125095E1,-4.539375305E1,5.596009058E1
8.933627723E0,-3.009375191E1,1.308750057E1,-4.541250229E1,5.602867069E1
8.943627723E0,-3.020625114E1,1.310625076E1,-4.571250153E1,5.633670396E1
8.953627723E0,-3.026250076E1,1.318125057E1,-4.571250153E1,5.638436942E1
8.963627723E0,-3.022500038E1,1.342500019E1,-4.597500229E1,5.663463705E1
8.973627723E0,-2.986875153E1,1.344375038E1,-4.567500305E1,5.620571720E1
8.983627723E0,-2.988750076E1,1.320000076E1,-4.573125076E1,5.620364773E1
8.993627723E0,-2.994375038E1,1.323750019E1,-4.576875305E1,5.627289182E1
9.003627723E0,-2.983125114E1,1.323750019E1,-4.588125229E1,5.630474463E1
9.013627723E0,-2.973750114E1,1.323750019E1,-4.582500076E1,5.620926152E1
9.023627723E0,-2.977500153E1,1.335000038E1,-4.567500305E1,5.613358291E1
9.033627723E0,-2.985000038E1,1.333125019E1,-4.550625229E1,5.603181018E1
9.043627723E0,-2.973750114E1,1.331250095E1,-4.550625229E1,5.596749640E1
9.053627723E0,-2.985000038E1,1.357500076E1,-4.575000000E1,5.628823739E1
9.063627723E0,-2.985000038E1,1.374375057E1,-4.567500305E1,5.626827798E1
9.073627723E0,-2.983125114E1,1.387500095E1,-4.571250153E1,5.632097293E1
9.083627723E0,-3.024375153E1,1.408125019E1,-4.580625153E1,5.666726385E1
9.093627723E0,-3.054375076E1,1.404375076E1,-4.606875229E1,5.703049696E1
9.103627723E0,-3.048750114E1,1.402500057E1,-4.631250000E1,5.719297180E1
9.113627723E0,-3.033750153E1,1.395000076E1,-4.642500305E1,5.718607723E1
9.123627723E0,-3.043125153E1,1.376250076E1,-4.625625229E1,5.705355705E1
9.133627723E0,-3.031875038E1,1.374375057E1,-4.612500000E1,5.688262414E1
9.143627723E0,-3.037500191E1,1.374375057E1,-4.633125305E1,5.707991267E1
9.153627723E0,-3.037500191E1,1.357500076E1,-4.627500153E1,5.699383434E1
9.163627723E0,-3.000000191E1,1.344375038E1,-4.612500000E1,5.664141739E1
9.173627723E0,-2.988750076E1,1.338750076E1,-4.608750153E1,5.653800205E1
9.183627723E0,-2.990625191E1,1.340625095E1,-4.586250305E1,5.636914629E1
9.193627723E0,-2.998125076E1,1.342500019E1,-4.580625153E1,5.636770978E1
9.203627723E0,-2.973750114E1,1.350000095E1,-4.580625153E1,5.625639234E1
9.213627723E0,-2.983125114E1,1.321875095E1,-4.578750229E1,5.622396542E1
9.223627723E0,-2.970000076E1,1.316250038E1,-4.565625000E1,5.603422727E1
9.233627723E0,-2.955000114E1,1.323750019E1,-4.575000000E1,5.604905422E1
9.243627723E0,-2.958750153E1,1.329375076E1,-4.582500076E1,5.614334111E1
9.253627723E0,-2.936250114E1,1.327500057E1,-4.580625153E1,5.600531040E1
9.263627723E0,-2.938125038E1,1.346250057E1,-4.591875076E1,5.615183405E1
9.273627723E0,-2.938125038E1,1.314375019E1,-4.593750000E1,5.609162103E1
9.283627723E0,-2.962500191E1,1.327500057E1,-4.625625229E1,5.651112505E1
9.293627723E0,-2.970000076E1,1.320000076E1,-4.608750153E1,5.639492763E1
9.303627723E0,-2.968125153E1,1.318125057E1,-4.595625305E1,5.627343293E1
9.313627723E0,-2.973750114E1,1.305000019E1,-4.584375000E1,5.618069858E1
9.323627723E0,-2.975625038E1,1.284375095E1,-4.573125076E1,5.605125932E1
9.333627723E0,-2.985000038E1,1.293750095E1,-4.546875000E1,5.590893203E1
9.343627723E0,-2.964375114E1,1.271250057E1,-4.543125153E1,5.571676828E1
9.353627723E0,-2.971875191E1,1.318125057E1,-4.548750305E1,5.591120206E1
9.363627723E0,-2.971875191E1,1.299375057E1,-4.515000153E1,5.559284492E1
9.373627723E0,-2.975625038E1,1.305000019E1,-4.543125153E1,5.585459298E1
9.383627723E0,-2.970000076E1,1.305000019E1,-4.548750305E1,5.587043479E1
9.393627723E0,-2.966250038E1,1.323750019E1,-4.546875000E1,5.587935725E1
9.403627723E0,-2.953125191E1,1.340625095E1,-4.528125000E1,5.569752244E1
9.413627723E0,-2.970000076E1,1.316250038E1,-4.537500000E1,5.580530518E1
9.423627723E0,-2.971875191E1,1.293750095E1,-4.528125000E1,5.568639643E1
9.433627723E0,-2.966250038E1,1.275000095E1,-4.539375305E1,5.570475087E1
9.443627723E0,-2.956875038E1,1.280625057E1,-4.546875000E1,5.572897163E1
9.453627723E0,-2.960625076E1,1.280625057E1,-4.528125000E1,5.559605867E1
9.463627723E0,-2.971875191E1,1.282500076E1,-4.533750153E1,5.570613884E1
9.473627723E0,-2.979375076E1,1.265625095E1,-4.528125000E1,5.566183499E1
9.483627723E0,-2.975625038E1,1.231875038E1,-4.537500000E1,5.564239995E1
9.493627723E0,-2.953125191E1,1.243125057E1,-4.548750305E1,5.563940837E1
9.503627723E0,-2.966250038E1,1.275000095E1,-4.554375076E1,5.582705157E1
9.513627723E0,-2.949375153E1,1.263750076E1,-4.554375076E1,5.571194700E1
9.523627723E0,-2.953125191E1,1.260000038E1,-4.573125076E1,5.587666906E1
9.533627723E0,-2.934375191E1,1.261875057E1,-4.573125076E1,5.578203957E1
9.543627723E0,-2.932500076E1,1.254375076E1,-4.573125076E1,5.575525670E1
9.553627723E0,-2.938125038E1,1.276875019E1,-4.588125229E1,5.595880777E1
9.563627723E0,-2.949375153E1,1.305000019E1,-4.627500153E1,5.640531580E1
9.573627723E0,-2.955000114E1,1.297500038E1,-4.623750305E1,5.638669959E1
9.583627723E0,-2.971875191E1,1.276875019E1,-4.635000229E1,5.652050874E1
9.593627723E0,-2.966250038E1,1.282500076E1,-4.614375305E1,5.633462984E1
9.603627723E0,-2.977500153E1,1.265625095E1,-4.618125153E1,5.638651786E1
9.613627723E0,-2.986875153E1,1.265625095E1,-4.620000076E1,5.645142227E1
9.623627723E0,-3.001875114E1,1.273125076E1,-4.621875000E1,5.656308883E1
9.633627723E0,-3.011250114E1,1.246875095E1,-4.608750153E1,5.644723441E1
9.643627723E0,-3.015000153E1,1.246875095E1,-4.578750229E1,5.622266187E1
9.653627723E0,-3.016875076E1,1.256250095E1,-4.571250153E1,5.619255065E1
9.663627723E0,-2.996250153E1,1.284375095E1,-4.571250153E1,5.614575881E1
9.673627723E0,-3.030000114E1,1.271250057E1,-4.595625305E1,5.649491070E1
9.683627723E0,-3.039375114E1,1.263750076E1,-4.576875305E1,5.637610567E1
9.693627723E0,-3.037500191E1,1.275000095E1,-4.588125229E1,5.648267501E1
9.703627723E0,-3.020625114E1,1.265625095E1,-4.588125229E1,5.637098197E1
9.713627723E0,-3.000000191E1,1.284375095E1,-4.612500000E1,5.650201481E1
9.723627723E0,-2.992500114E1,1.275000095E1,-4.620000076E1,5.650228569E1
9.733627723E0,-2.981250191E1,1.267500019E1,-4.614375305E1,5.637984432E1
9.743627723E0,-3.000000191E1,1.258125019E1,-4.646250153E1,5.671906222E1
9.753627723E0,-2.971875191E1,1.288125038E1,-4.616250229E1,5.639244137E1
9.763627723E0,-2.962500191E1,1.318125057E1,-4.633125305E1,5.655060666E1
9.773627723E0,-2.966250038E1,1.310625076E1,-4.616250229E1,5.641466437E1
9.783627723E0,-2.964375114E1,1.308750057E1,-4.614375305E1,5.638510973E1
9.793627723E0,-2.979375076E1,1.303125095E1,-4.612500000E1,5.643577510E1
9.803627723E0,-2.979375076E1,1.297500038E1,-4.591875076E1,5.625433220E1
9.813627723E0,-2.973750114E1,1.321875095E1,-4.605000305E1,5.638844857E1
9.823627723E0,-2.951250076E1,1.331250095E1,-4.575000000E1,5.604705954E1
9.833627723E0,-2.977500153E1,1.333125019E1,-4.590000153E1,5.631237064E1
9.843627723E0,-2.958750153E1,1.318125057E1,-4.558125305E1,5.591794205E1
9.853627723E0,-2.960625076E1,1.308750057E1,-4.571250153E1,5.601290522E1
9.863627723E0,-2.949375153E1,1.312500095E1,-4.590000153E1,5.611556976E1
9.873627723E0,-2.953125191E1,1.318125057E1,-4.610625076E1,5.631719600E1
9.883627723E0,-2.949375153E1,1.348125076E1,-4.629375076E1,5.652200333E1
9.893627723E0,-2.964375114E1,1.318125057E1,-4.640625000E1,5.662188082E1
9.903627723E0,-2.973750114E1,1.310625076E1,-4.648125076E1,5.671507256E1
9.913627723E0,-2.964375114E1,1.297500038E1,-4.650000000E1,5.665114842E1
9.923627723E0,-2.941875076E1,1.321875095E1,-4.655625153E1,5.663640904E1
9.933627723E0,-2.945625114E1,1.318125057E1,-4.657500076E1,5.666256960E1
9.943627723E0,-2.947500038E1,1.316250038E1,-4.631250000E1,5.645241111E1
9.953627723E0,-2.936250114E1,1.301250076E1,-4.590000153E1,5.602045867E1
9.963627723E0,-2.943750191E1,1.288125038E1,-4.599375153E1,5.610631256E1
9.973627723E0,-2.930625153E1,1.288125038E1,-4.576875305E1,5.585303703E1
9.983627723E0,-2.921250153E1,1.280625057E1,-4.576875305E1,5.578663868E1
9.993627723E0,-2.923125076E1,1.271250057E1,-4.575000000E1,5.575962869E1
1.000362772E1,-2.949375153E1,1.243125057E1,-4.576875305E1,5.584976388E1
1.001362772E1,-2.956875038E1,1.252500057E1,-4.578750229E1,5.592568287E1
1.002362772E1,-2.956875038E1,1.252500057E1,-4.599375153E1,5.609466836E1
1.003362772E1,-2.956875038E1,1.267500019E1,-4.638750076E1,5.645145575E1
1.004362772E1,-2.958750153E1,1.265625095E1,-4.650000000E1,5.654954407E1
1.005362772E1,-2.958750153E1,1.284375095E1,-4.668750000E1,5.674596762E1
1.006362772E1,-2.977500153E1,1.288125038E1,-4.670625305E1,5.686784154E1
1.007362772E1,-2.962500191E1,1.286250019E1,-4.665000153E1,5.673893982E1
1.008362772E1,-2.970000076E1,1.291875076E1,-4.698750305E1,5.706846423E1
1.009362772E1,-2.955000114E1,1.290000057E1,-4.700625229E1,5.700175731E1
1.010362772E1,-2.970000076E1,1.291875076E1,-4.695000076E1,5.703759057E1
1.011362772E1,-2.975625038E1,1.318125057E1,-4.704375076E1,5.720397092E1
1.012362772E1,-2.994375038E1,1.318125057E1,-4.723125076E1,5.745576213E1
1.013362772E1,-3.024375153E1,1.288125038E1,-4.726875305E1,5.757556889E1
1.014362772E1,-3.005625153E1,1.290000057E1,-4.708125305E1,5.732741630E1
1.015362772E1,-3.035625076E1,1.301250076E1,-4.725000000E1,5.764884766E1
1.016362772E1,-3.022500038E1,1.312500095E1,-4.704375076E1,5.743631938E1
1.017362772E1,-3.028125191E1,1.335000038E1,-4.704375076E1,5.751774694E1
1.018362772E1,-3.018750191E1,1.359375095E1,-4.708125305E1,5.755623099E1
